description,image,number,seller,price,ratting,category
NCERT Textbooks in English for class 12 - Flamingo and Vistas - 12074 &12075,"https://images-eu.ssl-images-amazon.com/images/I/61QyHl9wiDL._AC_UL200_SR200,200_.jpg",51,Unknown,94.0,4.5,BOOKS
Grandparents' Bag of Stories,"https://images-eu.ssl-images-amazon.com/images/I/818mZjcEJ4L._AC_UL200_SR200,200_.jpg",52,Unknown,166.0,4.7,BOOKS
"The Magic of the Lost Temple: Illustrated, easy to read and much-loved first full length children’s fiction novel by…","https://images-eu.ssl-images-amazon.com/images/I/91nXnVrwOUL._AC_UL200_SR200,200_.jpg",53,Unknown,204.0,4.7,BOOKS
Think and Grow Rich,"https://images-eu.ssl-images-amazon.com/images/I/71AdHA%2BqqwL._AC_UL200_SR200,200_.jpg",54,Napoleon Hill,139.0,4.5,BOOKS
Very First Sight Words Sentences Level - 2,"https://images-eu.ssl-images-amazon.com/images/I/912KQ41w7zL._AC_UL200_SR200,200_.jpg",55,Dreamland Publications,120.0,4.6,BOOKS
505 Activities for Kids,"https://images-eu.ssl-images-amazon.com/images/I/81Zn%2Bc1b%2BGL._AC_UL200_SR200,200_.jpg",56,Unknown,165.0,4.4,BOOKS
My Activity- ABC Writing Book,"https://images-eu.ssl-images-amazon.com/images/I/81F0DDKcL1L._AC_UL200_SR200,200_.jpg",57,Unknown,60.0,4.4,BOOKS
A Modern Approach to Verbal & Non-Verbal Reasoning (2 Colour Edition),"https://images-eu.ssl-images-amazon.com/images/I/71%2B3qmU3VNL._AC_UL200_SR200,200_.jpg",58,R.S. Aggarwal,550.0,4.4,BOOKS
101 Panchatantra Stories,"https://images-eu.ssl-images-amazon.com/images/I/91uHRqlDy3L._AC_UL200_SR200,200_.jpg",59,Dreamland Publications,110.0,4.3,BOOKS
Certificate Physical And Human Geography; Indian Edition,"https://images-eu.ssl-images-amazon.com/images/I/912vU-UabHL._AC_UL200_SR200,200_.jpg",60,Unknown,244.0,4.5,BOOKS
365 Colouring Book,"https://images-eu.ssl-images-amazon.com/images/I/91M3Uob-o5L._AC_UL200_SR200,200_.jpg",61,Unknown,210.0,4.6,BOOKS
"The 5 AM Club: Own Your Morning, Elevate Your Life","https://images-eu.ssl-images-amazon.com/images/I/71eijJe2ntL._AC_UL200_SR200,200_.jpg",62,Robin Sharma,232.0,4.4,BOOKS
"Children's Encyclopedia - Scientists, Inventions And Discoveries: The World of Knowledge","https://images-eu.ssl-images-amazon.com/images/I/61kkvPVnM-S._AC_UL200_SR200,200_.jpg",63,Unknown,155.0,4.3,BOOKS
Animals Tales From Panchtantra: Timeless Stories for Children From Ancient India,"https://images-eu.ssl-images-amazon.com/images/I/7180r0YoriL._AC_UL200_SR200,200_.jpg",64,Wonder House Books,159.0,4.6,BOOKS
101 Maze Activity Book: Fun Activity Book For Children,"https://images-eu.ssl-images-amazon.com/images/I/81Ye8-mwlhL._AC_UL200_SR200,200_.jpg",65,Unknown,129.0,4.2,BOOKS
Mandala: Colouring Books for Adults with Tear Out Sheets (Adult Colouring Book),"https://images-eu.ssl-images-amazon.com/images/I/91wNT-jkEiS._AC_UL200_SR200,200_.jpg",66,Wonder House Books,129.0,4.5,BOOKS
Wuthering Heights,"https://images-eu.ssl-images-amazon.com/images/I/81MXdLJl9bL._AC_UL200_SR200,200_.jpg",67,Emily Brontë,99.0,4.4,BOOKS
My First Complete Learning Library: Boxset of 20 Board Books Gift Set for Kids (Horizontal Design),"https://images-eu.ssl-images-amazon.com/images/I/71mAXgoA9qL._AC_UL200_SR200,200_.jpg",68,Wonder House Books,799.0,4.6,BOOKS
Bhagavad Gita: Yatharoop (Hindi),"https://images-eu.ssl-images-amazon.com/images/I/91DBkHW1%2BtL._AC_UL200_SR200,200_.jpg",69,Unknown,198.0,4.7,BOOKS
Mandala Art: Colouring Books for Adults with Tear Out Sheets (Adult Colouring Book),"https://images-eu.ssl-images-amazon.com/images/I/91DtbV%2Bm2QS._AC_UL200_SR200,200_.jpg",70,Wonder House Books,129.0,4.6,BOOKS
Colour with Crayons Part - 1,"https://images-eu.ssl-images-amazon.com/images/I/81GEhSSrjKL._AC_UL200_SR200,200_.jpg",71,Unknown,56.0,4.2,BOOKS
"Three Thousand Stitches: Ordinary People, Extraordinary Lives","https://images-eu.ssl-images-amazon.com/images/I/91UZesy7p5L._AC_UL200_SR200,200_.jpg",72,Unknown,158.0,4.6,BOOKS
A Brief History of Modern India (2019-2020 Edition) by Spectrum Books,"https://images-eu.ssl-images-amazon.com/images/I/91sOjvWTmIL._AC_UL200_SR200,200_.jpg",73,Unknown,399.0,4.5,BOOKS
How to Win Friends and Influence People,"https://images-eu.ssl-images-amazon.com/images/I/81rsnHmlrbL._AC_UL200_SR200,200_.jpg",74,Dale Carnegie,139.0,4.5,BOOKS
Computer Science with Python Textbook and Practical Book for Class 12 - Examination 2021-22,"https://images-eu.ssl-images-amazon.com/images/I/91Pv0s7UtEL._AC_UL200_SR200,200_.jpg",75,Sumita Arora,595.0,4.5,BOOKS
New Simplified Physics : A Reference Book for Class 12 Examination 2020-2021 (Set of 2 Volumes),"https://images-eu.ssl-images-amazon.com/images/I/91w7CEd94jL._AC_UL200_SR200,200_.jpg",76,Unknown,1050.0,4.3,BOOKS
A Man Called Ove: The life-affirming bestseller that will brighten your day,"https://images-eu.ssl-images-amazon.com/images/I/916fuxlx90L._AC_UL200_SR200,200_.jpg",77,Fredrik Backman,255.0,4.6,BOOKS
My First ABC Sticker Book: Exciting Sticker Book With 100 Stickers,"https://images-eu.ssl-images-amazon.com/images/I/81SpdjrviCL._AC_UL200_SR200,200_.jpg",78,Wonder House Books,139.0,4.3,BOOKS
Wren & Martin High School English Grammar and Composition Book (Regular Edition),"https://images-eu.ssl-images-amazon.com/images/I/617ni21vHsL._AC_UL200_SR200,200_.jpg",79,Rao N,335.0,4.4,BOOKS
"Indian Economy for Civil Services, Universities and Other Examinations | 12th Revised Edition","https://images-eu.ssl-images-amazon.com/images/I/717xa9IqrYL._AC_UL200_SR200,200_.jpg",80,Ramesh Singh,498.0,4.3,BOOKS
Introductory Macroeconomics for Class 12 (Examination 2020-2021),"https://images-eu.ssl-images-amazon.com/images/I/A1F9X0sULbL._AC_UL200_SR200,200_.jpg",81,Unknown,355.0,4.6,BOOKS
Indian Art and Culture for Civil Services and other Competitive Examinations,"https://images-eu.ssl-images-amazon.com/images/I/81muj1cPYPL._AC_UL200_SR200,200_.jpg",82,Nitin Singhania,507.0,4.6,BOOKS
Concept of Physics Part-2 (2019-2020 Session) by H.C Verma,"https://images-eu.ssl-images-amazon.com/images/I/71fXmxxZJhL._AC_UL200_SR200,200_.jpg",83,H.C. Verma,372.0,4.6,BOOKS
As a Man Thinketh,"https://images-eu.ssl-images-amazon.com/images/I/81XKXdMbG9L._AC_UL200_SR200,200_.jpg",84,James Allen,59.0,4.5,BOOKS
Unfinished: A Memoir,"https://images-eu.ssl-images-amazon.com/images/I/81tHdhbrGEL._AC_UL200_SR200,200_.jpg",85,Priyanka Chopra Jonas,429.0,4.4,BOOKS
The Diary of a Young Girl,"https://images-eu.ssl-images-amazon.com/images/I/81cVJaVFinL._AC_UL200_SR200,200_.jpg",86,Anne Frank,99.0,4.6,BOOKS
Autobiography of a Yogi,"https://images-eu.ssl-images-amazon.com/images/I/81FFM8S15sL._AC_UL200_SR200,200_.jpg",87,Paramahansa Yogananda,99.0,4.6,BOOKS
Brilliant Brain Activity Book 4+,"https://images-eu.ssl-images-amazon.com/images/I/91VWb8BDlGL._AC_UL200_SR200,200_.jpg",88,Unknown,138.0,4.6,BOOKS
Pride & Prejudice,"https://images-eu.ssl-images-amazon.com/images/I/81VfmRhIgJL._AC_UL200_SR200,200_.jpg",89,Jane Austen,99.0,4.5,BOOKS
Concept of Physics - Part 1 & 2 2019 - 2020 Session (Set of 2 books),"https://images-eu.ssl-images-amazon.com/images/I/71hxgvtBsML._AC_UL200_SR200,200_.jpg",90,Unknown,700.0,4.7,BOOKS
How to Prepare for Quantitative Aptitude for the CAT,"https://images-eu.ssl-images-amazon.com/images/I/81c3sAhustL._AC_UL200_SR200,200_.jpg",91,Arun Sharma,595.0,4.5,BOOKS
Inner Engineering: A Yogi’s Guide to Joy,"https://images-eu.ssl-images-amazon.com/images/I/91M8VYAZkTL._AC_UL200_SR200,200_.jpg",92,Sadhguru,185.0,4.6,BOOKS
To Kill A Mockingbird: 50th Anniversary Edition: 60th Anniversary Edition,"https://images-eu.ssl-images-amazon.com/images/I/81gepf1eMqL._AC_UL200_SR200,200_.jpg",93,Harper Lee,316.0,4.5,BOOKS
Diary of a Wimpy Kid: The Deep End (Book 15),"https://images-eu.ssl-images-amazon.com/images/I/81nPcWCYhkL._AC_UL200_SR200,200_.jpg",94,Jeff Kinney,420.0,4.7,BOOKS
NTA UGC NET/ SET/ JRF : Paper 1 Teaching and Research Aptitude | Fifth Edition | By Pearson,"https://images-eu.ssl-images-amazon.com/images/I/61ghcdxAw-L._AC_UL200_SR200,200_.jpg",95,Unknown,323.0,4.5,BOOKS
GIKSO 100 Maths Puzzles Book - Brain Boosting Mathematical Activities for Age 7+ Years Old Kids | Game Book (English…,"https://images-eu.ssl-images-amazon.com/images/I/31Gm2XocqEL._AC_UL200_SR200,200_.jpg",96,Unknown,235.0,4.4,BOOKS
The Girl in Room 105,"https://images-eu.ssl-images-amazon.com/images/I/51gJGVE%2BtsL._AC_UL200_SR200,200_.jpg",97,Chetan Bhagat,164.0,4.3,BOOKS
Death; An Inside Story: A book for all those who shall die,"https://images-eu.ssl-images-amazon.com/images/I/91co3ZyqsML._AC_UL200_SR200,200_.jpg",98,Sadhguru,185.0,4.7,BOOKS
Objective General English,"https://images-eu.ssl-images-amazon.com/images/I/51SDCWAlpIL._AC_UL200_SR200,200_.jpg",99,S.P. Bakshi,183.0,4.3,BOOKS
"My First Mythology Tale (Illustrated) (Set of 5 Books) - Mahabharata, Krishna, Hanuman, Ganesha, Ramayana - Story Book…","https://images-eu.ssl-images-amazon.com/images/I/71IOXLtJFlL._AC_UL200_SR200,200_.jpg",100,Maple Press,191.0,4.3,BOOKS
