class,image
katydid,https://bugwoodcloud.org/images/384x256/9009025.jpg
katydid,https://bugwoodcloud.org/images/384x256/9009024.jpg
katydid,https://bugwoodcloud.org/images/384x256/9009001.jpg
grasshopper,https://bugwoodcloud.org/images/384x256/5627805.jpg
grasshopper,https://bugwoodcloud.org/images/384x256/5627804.jpg
grasshopper,https://bugwoodcloud.org/images/384x256/5627803.jpg
cricket,https://bugwoodcloud.org/images/384x256/5627679.jpg
cricket,https://bugwoodcloud.org/images/384x256/5627678.jpg
cricket,https://bugwoodcloud.org/images/384x256/5627677.jpg
cricket,https://bugwoodcloud.org/images/384x256/5627676.jpg
cricket,https://bugwoodcloud.org/images/384x256/5627675.jpg
grasshopper,https://bugwoodcloud.org/images/384x256/5626735.jpg
grasshopper,https://bugwoodcloud.org/images/384x256/5626734.jpg
grasshopper,https://bugwoodcloud.org/images/384x256/5626733.jpg
grasshopper,https://bugwoodcloud.org/images/384x256/5626732.jpg
grasshopper,https://bugwoodcloud.org/images/384x256/5626731.jpg
cricket,https://bugwoodcloud.org/images/384x256/5626728.jpg
cricket,https://bugwoodcloud.org/images/384x256/5626727.jpg
cricket,https://bugwoodcloud.org/images/384x256/5626726.jpg
cricket,https://bugwoodcloud.org/images/384x256/5626725.jpg
cricket,https://bugwoodcloud.org/images/384x256/5626724.jpg
cricket,https://bugwoodcloud.org/images/384x256/5626723.jpg
cricket,https://bugwoodcloud.org/images/384x256/5626722.jpg
grasshopper,https://bugwoodcloud.org/images/384x256/5626719.jpg
grasshopper,https://bugwoodcloud.org/images/384x256/5626718.jpg
grasshopper,https://bugwoodcloud.org/images/384x256/5626717.jpg
grasshopper,https://bugwoodcloud.org/images/384x256/5626716.jpg
grasshopper,https://bugwoodcloud.org/images/384x256/5626715.jpg
grasshopper,https://bugwoodcloud.org/images/384x256/5626714.jpg
grasshopper,https://bugwoodcloud.org/images/384x256/5626713.jpg
grasshopper,https://bugwoodcloud.org/images/384x256/5626712.jpg
grasshopper,https://bugwoodcloud.org/images/384x256/5626711.jpg
grasshopper,https://bugwoodcloud.org/images/384x256/5626710.jpg
grasshopper,https://bugwoodcloud.org/images/384x256/5626709.jpg
grasshopper,https://bugwoodcloud.org/images/384x256/5626708.jpg
grasshopper,https://bugwoodcloud.org/images/384x256/5626707.jpg
grasshopper,https://bugwoodcloud.org/images/384x256/5626447.jpg
grasshopper,https://bugwoodcloud.org/images/384x256/5626446.jpg
grasshopper,https://bugwoodcloud.org/images/384x256/5626437.jpg
grasshopper,https://bugwoodcloud.org/images/384x256/5626436.jpg
grasshopper,https://bugwoodcloud.org/images/384x256/5626435.jpg
cricket,https://bugwoodcloud.org/images/384x256/5625950.jpg
grasshopper,https://bugwoodcloud.org/images/384x256/5625790.jpg
grasshopper,https://bugwoodcloud.org/images/384x256/5624278.jpg
grasshopper,https://bugwoodcloud.org/images/384x256/5622580.jpg
grasshopper,https://bugwoodcloud.org/images/384x256/5622579.jpg
grasshopper,https://bugwoodcloud.org/images/384x256/5622578.jpg
grasshopper,https://bugwoodcloud.org/images/384x256/5622577.jpg
grasshopper,https://bugwoodcloud.org/images/384x256/5622576.jpg
grasshopper,https://bugwoodcloud.org/images/384x256/5622575.jpg
grasshopper,https://bugwoodcloud.org/images/384x256/5621170.jpg
grasshopper,https://bugwoodcloud.org/images/384x256/5621169.jpg
grasshopper,https://bugwoodcloud.org/images/384x256/5621168.jpg
grasshopper,https://bugwoodcloud.org/images/384x256/5621167.jpg
grasshopper,https://bugwoodcloud.org/images/384x256/5621166.jpg
grasshopper,https://bugwoodcloud.org/images/384x256/5620960.jpg
grasshopper,https://bugwoodcloud.org/images/384x256/5620959.jpg
grasshopper,https://bugwoodcloud.org/images/384x256/5620958.jpg
grasshopper,https://bugwoodcloud.org/images/384x256/5620957.jpg
grasshopper,https://bugwoodcloud.org/images/384x256/5620956.jpg
grasshopper,https://bugwoodcloud.org/images/384x256/5619417.jpg
grasshopper,https://bugwoodcloud.org/images/384x256/5619416.jpg
grasshopper,https://bugwoodcloud.org/images/384x256/5619206.jpg
katydid,https://bugwoodcloud.org/images/384x256/5618890.jpg
katydid,https://bugwoodcloud.org/images/384x256/5618889.jpg
grasshopper,https://bugwoodcloud.org/images/384x256/5617737.jpg
cricket,https://bugwoodcloud.org/images/384x256/5614190.jpg
cricket,https://bugwoodcloud.org/images/384x256/5614189.jpg
grasshopper,https://bugwoodcloud.org/images/384x256/5614147.jpg
grasshopper,https://bugwoodcloud.org/images/384x256/5614146.jpg
grasshopper,https://bugwoodcloud.org/images/384x256/5614103.jpg
grasshopper,https://bugwoodcloud.org/images/384x256/5614097.jpg
grasshopper,https://bugwoodcloud.org/images/384x256/5614096.jpg
grasshopper,https://bugwoodcloud.org/images/384x256/5614095.jpg
grasshopper,https://bugwoodcloud.org/images/384x256/5614094.jpg
grasshopper,https://bugwoodcloud.org/images/384x256/5614084.jpg
grasshopper,https://bugwoodcloud.org/images/384x256/5614083.jpg
grasshopper,https://bugwoodcloud.org/images/384x256/5614082.jpg
grasshopper,https://bugwoodcloud.org/images/384x256/5614081.jpg
grasshopper,https://bugwoodcloud.org/images/384x256/5614009.jpg
grasshopper,https://bugwoodcloud.org/images/384x256/5614008.jpg
grasshopper,https://bugwoodcloud.org/images/384x256/5614007.jpg
grasshopper,https://bugwoodcloud.org/images/384x256/5614005.jpg
grasshopper,https://bugwoodcloud.org/images/384x256/5614004.jpg
grasshopper,https://bugwoodcloud.org/images/384x256/5613965.jpg
grasshopper,https://bugwoodcloud.org/images/384x256/5613963.jpg
grasshopper,https://bugwoodcloud.org/images/384x256/5612053.jpg
grasshopper,https://bugwoodcloud.org/images/384x256/5604049.jpg
grasshopper,https://bugwoodcloud.org/images/384x256/5604017.jpg
grasshopper,https://bugwoodcloud.org/images/384x256/5602869.jpg
grasshopper,https://bugwoodcloud.org/images/384x256/5602868.jpg
katydid,https://bugwoodcloud.org/images/384x256/5602053.jpg
cricket,https://bugwoodcloud.org/images/384x256/5602016.jpg
cricket,https://bugwoodcloud.org/images/384x256/5602015.jpg
cricket,https://bugwoodcloud.org/images/384x256/5602014.jpg
cricket,https://bugwoodcloud.org/images/384x256/5602013.jpg
cricket,https://bugwoodcloud.org/images/384x256/5602012.jpg
cricket,https://bugwoodcloud.org/images/384x256/5602011.jpg
cricket,https://bugwoodcloud.org/images/384x256/5602010.jpg
cricket,https://bugwoodcloud.org/images/384x256/5602009.jpg
cricket,https://bugwoodcloud.org/images/384x256/5602008.jpg
cricket,https://bugwoodcloud.org/images/384x256/5602007.jpg
grasshopper,https://bugwoodcloud.org/images/384x256/5601956.jpg
grasshopper,https://bugwoodcloud.org/images/384x256/5601955.jpg
cricket,https://bugwoodcloud.org/images/384x256/5597728.jpg
grasshopper,https://bugwoodcloud.org/images/384x256/5596919.jpg
grasshopper,https://bugwoodcloud.org/images/384x256/5596918.jpg
grasshopper,https://bugwoodcloud.org/images/384x256/5596917.jpg
grasshopper,https://bugwoodcloud.org/images/384x256/5596915.jpg
grasshopper,https://bugwoodcloud.org/images/384x256/5596914.jpg
grasshopper,https://bugwoodcloud.org/images/384x256/5596913.jpg
grasshopper,https://bugwoodcloud.org/images/384x256/5596912.jpg
grasshopper,https://bugwoodcloud.org/images/384x256/5596911.jpg
grasshopper,https://bugwoodcloud.org/images/384x256/5596910.jpg
grasshopper,https://bugwoodcloud.org/images/384x256/5596909.jpg
grasshopper,https://bugwoodcloud.org/images/384x256/5596908.jpg
grasshopper,https://bugwoodcloud.org/images/384x256/5596907.jpg
grasshopper,https://bugwoodcloud.org/images/384x256/5596906.jpg
grasshopper,https://bugwoodcloud.org/images/384x256/5596905.jpg
grasshopper,https://bugwoodcloud.org/images/384x256/5596904.jpg
grasshopper,https://bugwoodcloud.org/images/384x256/5596903.jpg
grasshopper,https://bugwoodcloud.org/images/384x256/5596902.jpg
grasshopper,https://bugwoodcloud.org/images/384x256/5596901.jpg
grasshopper,https://bugwoodcloud.org/images/384x256/5596900.jpg
grasshopper,https://bugwoodcloud.org/images/384x256/5596899.jpg
cricket,https://bugwoodcloud.org/images/384x256/5595560.jpg
katydid,https://bugwoodcloud.org/images/384x256/5594979.jpg
katydid,https://bugwoodcloud.org/images/384x256/5592404.jpg
cricket,https://bugwoodcloud.org/images/384x256/5582090.jpg
cricket,https://bugwoodcloud.org/images/384x256/5582089.jpg
cricket,https://bugwoodcloud.org/images/384x256/5582088.jpg
cricket,https://bugwoodcloud.org/images/384x256/5579684.jpg
cricket,https://bugwoodcloud.org/images/384x256/5579683.jpg
cricket,https://bugwoodcloud.org/images/384x256/5579682.jpg
cricket,https://bugwoodcloud.org/images/384x256/5579681.jpg
grasshopper,https://bugwoodcloud.org/images/384x256/5579677.jpg
grasshopper,https://bugwoodcloud.org/images/384x256/5579676.jpg
grasshopper,https://bugwoodcloud.org/images/384x256/5579675.jpg
grasshopper,https://bugwoodcloud.org/images/384x256/5579674.jpg
grasshopper,https://bugwoodcloud.org/images/384x256/5579044.jpg
grasshopper,https://bugwoodcloud.org/images/384x256/5579043.jpg
grasshopper,https://bugwoodcloud.org/images/384x256/5579042.jpg
grasshopper,https://bugwoodcloud.org/images/384x256/5577789.jpg
grasshopper,https://bugwoodcloud.org/images/384x256/5577788.jpg
grasshopper,https://bugwoodcloud.org/images/384x256/5577787.jpg
grasshopper,https://bugwoodcloud.org/images/384x256/5577786.jpg
grasshopper,https://bugwoodcloud.org/images/384x256/5577785.jpg
grasshopper,https://bugwoodcloud.org/images/384x256/5577784.jpg
grasshopper,https://bugwoodcloud.org/images/384x256/5577783.jpg
grasshopper,https://bugwoodcloud.org/images/384x256/5577782.jpg
grasshopper,https://bugwoodcloud.org/images/384x256/5577781.jpg
grasshopper,https://bugwoodcloud.org/images/384x256/5577780.jpg
grasshopper,https://bugwoodcloud.org/images/384x256/5577779.jpg
grasshopper,https://bugwoodcloud.org/images/384x256/5577778.jpg
grasshopper,https://bugwoodcloud.org/images/384x256/5577777.jpg
grasshopper,https://bugwoodcloud.org/images/384x256/5577776.jpg
grasshopper,https://bugwoodcloud.org/images/384x256/5577775.jpg
grasshopper,https://bugwoodcloud.org/images/384x256/5577774.jpg
grasshopper,https://bugwoodcloud.org/images/384x256/5577773.jpg
grasshopper,https://bugwoodcloud.org/images/384x256/5577772.jpg
grasshopper,https://bugwoodcloud.org/images/384x256/5577771.jpg
grasshopper,https://bugwoodcloud.org/images/384x256/5577770.jpg
grasshopper,https://bugwoodcloud.org/images/384x256/5577769.jpg
grasshopper,https://bugwoodcloud.org/images/384x256/5577724.jpg
grasshopper,https://bugwoodcloud.org/images/384x256/5577723.jpg
grasshopper,https://bugwoodcloud.org/images/384x256/5576913.jpg
grasshopper,https://bugwoodcloud.org/images/384x256/5576912.jpg
grasshopper,https://bugwoodcloud.org/images/384x256/5576911.jpg
grasshopper,https://bugwoodcloud.org/images/384x256/5576910.jpg
grasshopper,https://bugwoodcloud.org/images/384x256/5576909.jpg
grasshopper,https://bugwoodcloud.org/images/384x256/5576908.jpg
grasshopper,https://bugwoodcloud.org/images/384x256/5576907.jpg
grasshopper,https://bugwoodcloud.org/images/384x256/5576906.jpg
grasshopper,https://bugwoodcloud.org/images/384x256/5576905.jpg
grasshopper,https://bugwoodcloud.org/images/384x256/5576904.jpg
grasshopper,https://bugwoodcloud.org/images/384x256/5576903.jpg
grasshopper,https://bugwoodcloud.org/images/384x256/5576902.jpg
grasshopper,https://bugwoodcloud.org/images/384x256/5576901.jpg
grasshopper,https://bugwoodcloud.org/images/384x256/5576900.jpg
grasshopper,https://bugwoodcloud.org/images/384x256/5576899.jpg
grasshopper,https://bugwoodcloud.org/images/384x256/5576898.jpg
grasshopper,https://bugwoodcloud.org/images/384x256/5576314.jpg
grasshopper,https://bugwoodcloud.org/images/384x256/5576312.jpg
grasshopper,https://bugwoodcloud.org/images/384x256/5576239.jpg
grasshopper,https://bugwoodcloud.org/images/384x256/5576238.jpg
grasshopper,https://bugwoodcloud.org/images/384x256/5576237.jpg
grasshopper,https://bugwoodcloud.org/images/384x256/5576236.jpg
grasshopper,https://bugwoodcloud.org/images/384x256/5576235.jpg
grasshopper,https://bugwoodcloud.org/images/384x256/5576234.jpg
grasshopper,https://bugwoodcloud.org/images/384x256/5576233.jpg
grasshopper,https://bugwoodcloud.org/images/384x256/5574923.jpg
grasshopper,https://bugwoodcloud.org/images/384x256/5574118.jpg
grasshopper,https://bugwoodcloud.org/images/384x256/5574117.jpg
grasshopper,https://bugwoodcloud.org/images/384x256/5574116.jpg
grasshopper,https://bugwoodcloud.org/images/384x256/5574115.jpg
grasshopper,https://bugwoodcloud.org/images/384x256/5574114.jpg
grasshopper,https://bugwoodcloud.org/images/384x256/5574109.jpg
grasshopper,https://bugwoodcloud.org/images/384x256/5574108.jpg
grasshopper,https://bugwoodcloud.org/images/384x256/5574107.jpg
grasshopper,https://bugwoodcloud.org/images/384x256/5574106.jpg
grasshopper,https://bugwoodcloud.org/images/384x256/5574105.jpg
grasshopper,https://bugwoodcloud.org/images/384x256/5574104.jpg
grasshopper,https://bugwoodcloud.org/images/384x256/5574103.jpg
grasshopper,https://bugwoodcloud.org/images/384x256/5574102.jpg
grasshopper,https://bugwoodcloud.org/images/384x256/5574101.jpg
grasshopper,https://bugwoodcloud.org/images/384x256/5574100.jpg
grasshopper,https://bugwoodcloud.org/images/384x256/5574099.jpg
grasshopper,https://bugwoodcloud.org/images/384x256/5574098.jpg
grasshopper,https://bugwoodcloud.org/images/384x256/5574097.jpg
grasshopper,https://bugwoodcloud.org/images/384x256/5574096.jpg
grasshopper,https://bugwoodcloud.org/images/384x256/5574095.jpg
grasshopper,https://bugwoodcloud.org/images/384x256/5574094.jpg
grasshopper,https://bugwoodcloud.org/images/384x256/5574093.jpg
grasshopper,https://bugwoodcloud.org/images/384x256/5574092.jpg
grasshopper,https://bugwoodcloud.org/images/384x256/5574091.jpg
grasshopper,https://bugwoodcloud.org/images/384x256/5574090.jpg
grasshopper,https://bugwoodcloud.org/images/384x256/5574089.jpg
grasshopper,https://bugwoodcloud.org/images/384x256/5574088.jpg
grasshopper,https://bugwoodcloud.org/images/384x256/5574087.jpg
grasshopper,https://bugwoodcloud.org/images/384x256/5574086.jpg
grasshopper,https://bugwoodcloud.org/images/384x256/5574085.jpg
grasshopper,https://bugwoodcloud.org/images/384x256/5574084.jpg
grasshopper,https://bugwoodcloud.org/images/384x256/5574083.jpg
grasshopper,https://bugwoodcloud.org/images/384x256/5574082.jpg
grasshopper,https://bugwoodcloud.org/images/384x256/5574081.jpg
grasshopper,https://bugwoodcloud.org/images/384x256/5574080.jpg
grasshopper,https://bugwoodcloud.org/images/384x256/5574079.jpg
grasshopper,https://bugwoodcloud.org/images/384x256/5574078.jpg
grasshopper,https://bugwoodcloud.org/images/384x256/5574077.jpg
grasshopper,https://bugwoodcloud.org/images/384x256/5574076.jpg
grasshopper,https://bugwoodcloud.org/images/384x256/5574075.jpg
grasshopper,https://bugwoodcloud.org/images/384x256/5574074.jpg
grasshopper,https://bugwoodcloud.org/images/384x256/5574073.jpg
grasshopper,https://bugwoodcloud.org/images/384x256/5574072.jpg
grasshopper,https://bugwoodcloud.org/images/384x256/5574071.jpg
grasshopper,https://bugwoodcloud.org/images/384x256/5574070.jpg
grasshopper,https://bugwoodcloud.org/images/384x256/5574069.jpg
grasshopper,https://bugwoodcloud.org/images/384x256/5574068.jpg
grasshopper,https://bugwoodcloud.org/images/384x256/5574067.jpg
grasshopper,https://bugwoodcloud.org/images/384x256/5574066.jpg
grasshopper,https://bugwoodcloud.org/images/384x256/5574065.jpg
grasshopper,https://bugwoodcloud.org/images/384x256/5574064.jpg
grasshopper,https://bugwoodcloud.org/images/384x256/5574063.jpg
grasshopper,https://bugwoodcloud.org/images/384x256/5574062.jpg
grasshopper,https://bugwoodcloud.org/images/384x256/5574061.jpg
grasshopper,https://bugwoodcloud.org/images/384x256/5574060.jpg
grasshopper,https://bugwoodcloud.org/images/384x256/5574059.jpg
grasshopper,https://bugwoodcloud.org/images/384x256/5574058.jpg
grasshopper,https://bugwoodcloud.org/images/384x256/5574057.jpg
grasshopper,https://bugwoodcloud.org/images/384x256/5574056.jpg
grasshopper,https://bugwoodcloud.org/images/384x256/5574055.jpg
grasshopper,https://bugwoodcloud.org/images/384x256/5574054.jpg
grasshopper,https://bugwoodcloud.org/images/384x256/5574053.jpg
grasshopper,https://bugwoodcloud.org/images/384x256/5574052.jpg
grasshopper,https://bugwoodcloud.org/images/384x256/5574051.jpg
grasshopper,https://bugwoodcloud.org/images/384x256/5574050.jpg
grasshopper,https://bugwoodcloud.org/images/384x256/5574049.jpg
grasshopper,https://bugwoodcloud.org/images/384x256/5574048.jpg
grasshopper,https://bugwoodcloud.org/images/384x256/5574047.jpg
grasshopper,https://bugwoodcloud.org/images/384x256/5574046.jpg
grasshopper,https://bugwoodcloud.org/images/384x256/5574045.jpg
grasshopper,https://bugwoodcloud.org/images/384x256/5574044.jpg
grasshopper,https://bugwoodcloud.org/images/384x256/5574043.jpg
grasshopper,https://bugwoodcloud.org/images/384x256/5574042.jpg
grasshopper,https://bugwoodcloud.org/images/384x256/5574041.jpg
grasshopper,https://bugwoodcloud.org/images/384x256/5574040.jpg
grasshopper,https://bugwoodcloud.org/images/384x256/5574039.jpg
grasshopper,https://bugwoodcloud.org/images/384x256/5574038.jpg
grasshopper,https://bugwoodcloud.org/images/384x256/5574037.jpg
grasshopper,https://bugwoodcloud.org/images/384x256/5574036.jpg
grasshopper,https://bugwoodcloud.org/images/384x256/5574035.jpg
grasshopper,https://bugwoodcloud.org/images/384x256/5574034.jpg
grasshopper,https://bugwoodcloud.org/images/384x256/5574033.jpg
grasshopper,https://bugwoodcloud.org/images/384x256/5574032.jpg
grasshopper,https://bugwoodcloud.org/images/384x256/5574031.jpg
grasshopper,https://bugwoodcloud.org/images/384x256/5574030.jpg
grasshopper,https://bugwoodcloud.org/images/384x256/5574029.jpg
grasshopper,https://bugwoodcloud.org/images/384x256/5574028.jpg
grasshopper,https://bugwoodcloud.org/images/384x256/5574027.jpg
grasshopper,https://bugwoodcloud.org/images/384x256/5574026.jpg
grasshopper,https://bugwoodcloud.org/images/384x256/5574025.jpg
grasshopper,https://bugwoodcloud.org/images/384x256/5573956.jpg
grasshopper,https://bugwoodcloud.org/images/384x256/5573955.jpg
grasshopper,https://bugwoodcloud.org/images/384x256/5573954.jpg
grasshopper,https://bugwoodcloud.org/images/384x256/5573946.jpg
cricket,https://bugwoodcloud.org/images/384x256/5573940.jpg
cricket,https://bugwoodcloud.org/images/384x256/5573939.jpg
cricket,https://bugwoodcloud.org/images/384x256/5573938.jpg
cricket,https://bugwoodcloud.org/images/384x256/5573937.jpg
cricket,https://bugwoodcloud.org/images/384x256/5573936.jpg
cricket,https://bugwoodcloud.org/images/384x256/5573935.jpg
cricket,https://bugwoodcloud.org/images/384x256/5573934.jpg
grasshopper,https://bugwoodcloud.org/images/384x256/5573656.jpg
grasshopper,https://bugwoodcloud.org/images/384x256/5573655.jpg
grasshopper,https://bugwoodcloud.org/images/384x256/5573654.jpg
grasshopper,https://bugwoodcloud.org/images/384x256/5573653.jpg
grasshopper,https://bugwoodcloud.org/images/384x256/5573652.jpg
cricket,https://bugwoodcloud.org/images/384x256/5573566.jpg
katydid,https://bugwoodcloud.org/images/384x256/5573528.jpg
katydid,https://bugwoodcloud.org/images/384x256/5573527.jpg
katydid,https://bugwoodcloud.org/images/384x256/5573526.jpg
grasshopper,https://bugwoodcloud.org/images/384x256/5573401.jpg
grasshopper,https://bugwoodcloud.org/images/384x256/5573400.jpg
grasshopper,https://bugwoodcloud.org/images/384x256/5573398.jpg
grasshopper,https://bugwoodcloud.org/images/384x256/5573397.jpg
grasshopper,https://bugwoodcloud.org/images/384x256/5573396.jpg
grasshopper,https://bugwoodcloud.org/images/384x256/5573395.jpg
grasshopper,https://bugwoodcloud.org/images/384x256/5573394.jpg
grasshopper,https://bugwoodcloud.org/images/384x256/5573393.jpg
grasshopper,https://bugwoodcloud.org/images/384x256/5573392.jpg
grasshopper,https://bugwoodcloud.org/images/384x256/5573391.jpg
grasshopper,https://bugwoodcloud.org/images/384x256/5573105.jpg
grasshopper,https://bugwoodcloud.org/images/384x256/5573104.jpg
grasshopper,https://bugwoodcloud.org/images/384x256/5573102.jpg
grasshopper,https://bugwoodcloud.org/images/384x256/5573101.jpg
grasshopper,https://bugwoodcloud.org/images/384x256/5573095.jpg
grasshopper,https://bugwoodcloud.org/images/384x256/5573094.jpg
grasshopper,https://bugwoodcloud.org/images/384x256/5573061.jpg
grasshopper,https://bugwoodcloud.org/images/384x256/5573060.jpg
grasshopper,https://bugwoodcloud.org/images/384x256/5573059.jpg
grasshopper,https://bugwoodcloud.org/images/384x256/5573058.jpg
grasshopper,https://bugwoodcloud.org/images/384x256/5573050.jpg
grasshopper,https://bugwoodcloud.org/images/384x256/5573043.jpg
grasshopper,https://bugwoodcloud.org/images/384x256/5573031.jpg
grasshopper,https://bugwoodcloud.org/images/384x256/5573030.jpg
grasshopper,https://bugwoodcloud.org/images/384x256/5573029.jpg
grasshopper,https://bugwoodcloud.org/images/384x256/5572858.jpg
grasshopper,https://bugwoodcloud.org/images/384x256/5572857.jpg
grasshopper,https://bugwoodcloud.org/images/384x256/5572856.jpg
grasshopper,https://bugwoodcloud.org/images/384x256/5572855.jpg
grasshopper,https://bugwoodcloud.org/images/384x256/5572854.jpg
grasshopper,https://bugwoodcloud.org/images/384x256/5572853.jpg
grasshopper,https://bugwoodcloud.org/images/384x256/5572807.jpg
grasshopper,https://bugwoodcloud.org/images/384x256/5572806.jpg
grasshopper,https://bugwoodcloud.org/images/384x256/5572779.jpg
grasshopper,https://bugwoodcloud.org/images/384x256/5572778.jpg
grasshopper,https://bugwoodcloud.org/images/384x256/5572777.jpg
grasshopper,https://bugwoodcloud.org/images/384x256/5572776.jpg
grasshopper,https://bugwoodcloud.org/images/384x256/5572775.jpg
grasshopper,https://bugwoodcloud.org/images/384x256/5572774.jpg
katydid,https://bugwoodcloud.org/images/384x256/5569243.jpg
grasshopper,https://bugwoodcloud.org/images/384x256/5569071.jpg
grasshopper,https://bugwoodcloud.org/images/384x256/5569070.jpg
grasshopper,https://bugwoodcloud.org/images/384x256/5569069.jpg
grasshopper,https://bugwoodcloud.org/images/384x256/5569068.jpg
grasshopper,https://bugwoodcloud.org/images/384x256/5569067.jpg
grasshopper,https://bugwoodcloud.org/images/384x256/5569066.jpg
grasshopper,https://bugwoodcloud.org/images/384x256/5568541.jpg
grasshopper,https://bugwoodcloud.org/images/384x256/5568540.jpg
grasshopper,https://bugwoodcloud.org/images/384x256/5568539.jpg
grasshopper,https://bugwoodcloud.org/images/384x256/5568538.jpg
grasshopper,https://bugwoodcloud.org/images/384x256/5568537.jpg
grasshopper,https://bugwoodcloud.org/images/384x256/5568368.jpg
grasshopper,https://bugwoodcloud.org/images/384x256/5568367.jpg
grasshopper,https://bugwoodcloud.org/images/384x256/5568366.jpg
grasshopper,https://bugwoodcloud.org/images/384x256/5568365.jpg
grasshopper,https://bugwoodcloud.org/images/384x256/5568364.jpg
grasshopper,https://bugwoodcloud.org/images/384x256/5568363.jpg
grasshopper,https://bugwoodcloud.org/images/384x256/5568362.jpg
grasshopper,https://bugwoodcloud.org/images/384x256/5568361.jpg
grasshopper,https://bugwoodcloud.org/images/384x256/5568359.jpg
grasshopper,https://bugwoodcloud.org/images/384x256/5568358.jpg
grasshopper,https://bugwoodcloud.org/images/384x256/5568357.jpg
grasshopper,https://bugwoodcloud.org/images/384x256/5568356.jpg
grasshopper,https://bugwoodcloud.org/images/384x256/5568355.jpg
grasshopper,https://bugwoodcloud.org/images/384x256/5568354.jpg
grasshopper,https://bugwoodcloud.org/images/384x256/5568353.jpg
grasshopper,https://bugwoodcloud.org/images/384x256/5568352.jpg
grasshopper,https://bugwoodcloud.org/images/384x256/5568351.jpg
grasshopper,https://bugwoodcloud.org/images/384x256/5568350.jpg
grasshopper,https://bugwoodcloud.org/images/384x256/5568326.jpg
grasshopper,https://bugwoodcloud.org/images/384x256/5568322.jpg
grasshopper,https://bugwoodcloud.org/images/384x256/5568321.jpg
grasshopper,https://bugwoodcloud.org/images/384x256/5568319.jpg
grasshopper,https://bugwoodcloud.org/images/384x256/5568317.jpg
grasshopper,https://bugwoodcloud.org/images/384x256/5568316.jpg
grasshopper,https://bugwoodcloud.org/images/384x256/5568315.jpg
grasshopper,https://bugwoodcloud.org/images/384x256/5568314.jpg
grasshopper,https://bugwoodcloud.org/images/384x256/5568313.jpg
grasshopper,https://bugwoodcloud.org/images/384x256/5568223.jpg
grasshopper,https://bugwoodcloud.org/images/384x256/5568222.jpg
grasshopper,https://bugwoodcloud.org/images/384x256/5568221.jpg
grasshopper,https://bugwoodcloud.org/images/384x256/5568220.jpg
grasshopper,https://bugwoodcloud.org/images/384x256/5568219.jpg
grasshopper,https://bugwoodcloud.org/images/384x256/5568218.jpg
grasshopper,https://bugwoodcloud.org/images/384x256/5568217.jpg
grasshopper,https://bugwoodcloud.org/images/384x256/5568216.jpg
grasshopper,https://bugwoodcloud.org/images/384x256/5567747.jpg
grasshopper,https://bugwoodcloud.org/images/384x256/5567746.jpg
grasshopper,https://bugwoodcloud.org/images/384x256/5567745.jpg
grasshopper,https://bugwoodcloud.org/images/384x256/5567371.jpg
grasshopper,https://bugwoodcloud.org/images/384x256/5567370.jpg
grasshopper,https://bugwoodcloud.org/images/384x256/5567369.jpg
cricket,https://bugwoodcloud.org/images/384x256/5566177.jpg
cricket,https://bugwoodcloud.org/images/384x256/5566176.jpg
grasshopper,https://bugwoodcloud.org/images/384x256/5566169.jpg
katydid,https://bugwoodcloud.org/images/384x256/5566163.jpg
katydid,https://bugwoodcloud.org/images/384x256/5566161.jpg
katydid,https://bugwoodcloud.org/images/384x256/5566160.jpg
grasshopper,https://bugwoodcloud.org/images/384x256/5565792.jpg
katydid,https://bugwoodcloud.org/images/384x256/5565682.jpg
grasshopper,https://bugwoodcloud.org/images/384x256/5565306.jpg
grasshopper,https://bugwoodcloud.org/images/384x256/5565305.jpg
grasshopper,https://bugwoodcloud.org/images/384x256/5565304.jpg
grasshopper,https://bugwoodcloud.org/images/384x256/5565303.jpg
grasshopper,https://bugwoodcloud.org/images/384x256/5565302.jpg
grasshopper,https://bugwoodcloud.org/images/384x256/5565301.jpg
grasshopper,https://bugwoodcloud.org/images/384x256/5565300.jpg
grasshopper,https://bugwoodcloud.org/images/384x256/5565299.jpg
grasshopper,https://bugwoodcloud.org/images/384x256/5565298.jpg
grasshopper,https://bugwoodcloud.org/images/384x256/5565297.jpg
grasshopper,https://bugwoodcloud.org/images/384x256/5565296.jpg
grasshopper,https://bugwoodcloud.org/images/384x256/5565295.jpg
grasshopper,https://bugwoodcloud.org/images/384x256/5565294.jpg
grasshopper,https://bugwoodcloud.org/images/384x256/5565293.jpg
grasshopper,https://bugwoodcloud.org/images/384x256/5565292.jpg
grasshopper,https://bugwoodcloud.org/images/384x256/5565291.jpg
grasshopper,https://bugwoodcloud.org/images/384x256/5565290.jpg
grasshopper,https://bugwoodcloud.org/images/384x256/5565289.jpg
grasshopper,https://bugwoodcloud.org/images/384x256/5565288.jpg
grasshopper,https://bugwoodcloud.org/images/384x256/5565287.jpg
grasshopper,https://bugwoodcloud.org/images/384x256/5565286.jpg
grasshopper,https://bugwoodcloud.org/images/384x256/5565285.jpg
grasshopper,https://bugwoodcloud.org/images/384x256/5565284.jpg
grasshopper,https://bugwoodcloud.org/images/384x256/5565283.jpg
grasshopper,https://bugwoodcloud.org/images/384x256/5565282.jpg
grasshopper,https://bugwoodcloud.org/images/384x256/5565281.jpg
grasshopper,https://bugwoodcloud.org/images/384x256/5565279.jpg
grasshopper,https://bugwoodcloud.org/images/384x256/5565278.jpg
grasshopper,https://bugwoodcloud.org/images/384x256/5565277.jpg
grasshopper,https://bugwoodcloud.org/images/384x256/5565276.jpg
grasshopper,https://bugwoodcloud.org/images/384x256/5565275.jpg
grasshopper,https://bugwoodcloud.org/images/384x256/5565274.jpg
grasshopper,https://bugwoodcloud.org/images/384x256/5564609.jpg
cricket,https://bugwoodcloud.org/images/384x256/5564599.jpg
katydid,https://bugwoodcloud.org/images/384x256/5564597.jpg
grasshopper,https://bugwoodcloud.org/images/384x256/5564590.jpg
cricket,https://bugwoodcloud.org/images/384x256/5564541.jpg
grasshopper,https://bugwoodcloud.org/images/384x256/5563073.jpg
grasshopper,https://bugwoodcloud.org/images/384x256/5563072.jpg
grasshopper,https://bugwoodcloud.org/images/384x256/5563071.jpg
grasshopper,https://bugwoodcloud.org/images/384x256/5563070.jpg
grasshopper,https://bugwoodcloud.org/images/384x256/5563069.jpg
grasshopper,https://bugwoodcloud.org/images/384x256/5563068.jpg
grasshopper,https://bugwoodcloud.org/images/384x256/5563067.jpg
katydid,https://bugwoodcloud.org/images/384x256/5561748.jpg
grasshopper,https://bugwoodcloud.org/images/384x256/5561454.jpg
grasshopper,https://bugwoodcloud.org/images/384x256/5561453.jpg
grasshopper,https://bugwoodcloud.org/images/384x256/5560162.jpg
grasshopper,https://bugwoodcloud.org/images/384x256/5560161.jpg
grasshopper,https://bugwoodcloud.org/images/384x256/5560160.jpg
grasshopper,https://bugwoodcloud.org/images/384x256/5560159.jpg
grasshopper,https://bugwoodcloud.org/images/384x256/5560158.jpg
grasshopper,https://bugwoodcloud.org/images/384x256/5560157.jpg
grasshopper,https://bugwoodcloud.org/images/384x256/5560156.jpg
grasshopper,https://bugwoodcloud.org/images/384x256/5560155.jpg
grasshopper,https://bugwoodcloud.org/images/384x256/5560154.jpg
grasshopper,https://bugwoodcloud.org/images/384x256/5560153.jpg
grasshopper,https://bugwoodcloud.org/images/384x256/5560152.jpg
grasshopper,https://bugwoodcloud.org/images/384x256/5560151.jpg
grasshopper,https://bugwoodcloud.org/images/384x256/5560150.jpg
grasshopper,https://bugwoodcloud.org/images/384x256/5560149.jpg
grasshopper,https://bugwoodcloud.org/images/384x256/5560148.jpg
grasshopper,https://bugwoodcloud.org/images/384x256/5560147.jpg
grasshopper,https://bugwoodcloud.org/images/384x256/5560146.jpg
grasshopper,https://bugwoodcloud.org/images/384x256/5559970.jpg
grasshopper,https://bugwoodcloud.org/images/384x256/5559968.jpg
grasshopper,https://bugwoodcloud.org/images/384x256/5559967.jpg
grasshopper,https://bugwoodcloud.org/images/384x256/5559966.jpg
grasshopper,https://bugwoodcloud.org/images/384x256/5559965.jpg
grasshopper,https://bugwoodcloud.org/images/384x256/5556976.jpg
grasshopper,https://bugwoodcloud.org/images/384x256/5556169.jpg
grasshopper,https://bugwoodcloud.org/images/384x256/5556168.jpg
grasshopper,https://bugwoodcloud.org/images/384x256/5556167.jpg
grasshopper,https://bugwoodcloud.org/images/384x256/5556166.jpg
katydid,https://bugwoodcloud.org/images/384x256/5554329.jpg
katydid,https://bugwoodcloud.org/images/384x256/5554328.jpg
grasshopper,https://bugwoodcloud.org/images/384x256/5552997.jpg
grasshopper,https://bugwoodcloud.org/images/384x256/5552996.jpg
grasshopper,https://bugwoodcloud.org/images/384x256/5552995.jpg
grasshopper,https://bugwoodcloud.org/images/384x256/5552994.jpg
grasshopper,https://bugwoodcloud.org/images/384x256/5552993.jpg
grasshopper,https://bugwoodcloud.org/images/384x256/5552992.jpg
grasshopper,https://bugwoodcloud.org/images/384x256/5552991.jpg
grasshopper,https://bugwoodcloud.org/images/384x256/5552990.jpg
grasshopper,https://bugwoodcloud.org/images/384x256/5552989.jpg
grasshopper,https://bugwoodcloud.org/images/384x256/5552988.jpg
grasshopper,https://bugwoodcloud.org/images/384x256/5552987.jpg
grasshopper,https://bugwoodcloud.org/images/384x256/5552986.jpg
grasshopper,https://bugwoodcloud.org/images/384x256/5552985.jpg
grasshopper,https://bugwoodcloud.org/images/384x256/5552984.jpg
grasshopper,https://bugwoodcloud.org/images/384x256/5552983.jpg
grasshopper,https://bugwoodcloud.org/images/384x256/5552982.jpg
grasshopper,https://bugwoodcloud.org/images/384x256/5552981.jpg
grasshopper,https://bugwoodcloud.org/images/384x256/5552980.jpg
grasshopper,https://bugwoodcloud.org/images/384x256/5552979.jpg
grasshopper,https://bugwoodcloud.org/images/384x256/5552978.jpg
grasshopper,https://bugwoodcloud.org/images/384x256/5552977.jpg
grasshopper,https://bugwoodcloud.org/images/384x256/5552976.jpg
grasshopper,https://bugwoodcloud.org/images/384x256/5552975.jpg
grasshopper,https://bugwoodcloud.org/images/384x256/5552974.jpg
grasshopper,https://bugwoodcloud.org/images/384x256/5552973.jpg
grasshopper,https://bugwoodcloud.org/images/384x256/5552972.jpg
grasshopper,https://bugwoodcloud.org/images/384x256/5552971.jpg
grasshopper,https://bugwoodcloud.org/images/384x256/5552970.jpg
grasshopper,https://bugwoodcloud.org/images/384x256/5552969.jpg
grasshopper,https://bugwoodcloud.org/images/384x256/5552968.jpg
grasshopper,https://bugwoodcloud.org/images/384x256/5552967.jpg
grasshopper,https://bugwoodcloud.org/images/384x256/5552966.jpg
grasshopper,https://bugwoodcloud.org/images/384x256/5552965.jpg
grasshopper,https://bugwoodcloud.org/images/384x256/5552964.jpg
grasshopper,https://bugwoodcloud.org/images/384x256/5552963.jpg
grasshopper,https://bugwoodcloud.org/images/384x256/5552962.jpg
grasshopper,https://bugwoodcloud.org/images/384x256/5552961.jpg
grasshopper,https://bugwoodcloud.org/images/384x256/5552960.jpg
grasshopper,https://bugwoodcloud.org/images/384x256/5552959.jpg
grasshopper,https://bugwoodcloud.org/images/384x256/5552958.jpg
grasshopper,https://bugwoodcloud.org/images/384x256/5552957.jpg
grasshopper,https://bugwoodcloud.org/images/384x256/5552956.jpg
grasshopper,https://bugwoodcloud.org/images/384x256/5552955.jpg
grasshopper,https://bugwoodcloud.org/images/384x256/5552954.jpg
grasshopper,https://bugwoodcloud.org/images/384x256/5552953.jpg
grasshopper,https://bugwoodcloud.org/images/384x256/5552952.jpg
grasshopper,https://bugwoodcloud.org/images/384x256/5552951.jpg
grasshopper,https://bugwoodcloud.org/images/384x256/5552950.jpg
grasshopper,https://bugwoodcloud.org/images/384x256/5552949.jpg
grasshopper,https://bugwoodcloud.org/images/384x256/5552948.jpg
grasshopper,https://bugwoodcloud.org/images/384x256/5552947.jpg
grasshopper,https://bugwoodcloud.org/images/384x256/5552946.jpg
grasshopper,https://bugwoodcloud.org/images/384x256/5552945.jpg
grasshopper,https://bugwoodcloud.org/images/384x256/5552944.jpg
grasshopper,https://bugwoodcloud.org/images/384x256/5552943.jpg
grasshopper,https://bugwoodcloud.org/images/384x256/5552942.jpg
grasshopper,https://bugwoodcloud.org/images/384x256/5552941.jpg
grasshopper,https://bugwoodcloud.org/images/384x256/5552940.jpg
grasshopper,https://bugwoodcloud.org/images/384x256/5552939.jpg
grasshopper,https://bugwoodcloud.org/images/384x256/5552938.jpg
grasshopper,https://bugwoodcloud.org/images/384x256/5552937.jpg
grasshopper,https://bugwoodcloud.org/images/384x256/5552936.jpg
grasshopper,https://bugwoodcloud.org/images/384x256/5552935.jpg
grasshopper,https://bugwoodcloud.org/images/384x256/5552934.jpg
grasshopper,https://bugwoodcloud.org/images/384x256/5552933.jpg
grasshopper,https://bugwoodcloud.org/images/384x256/5552932.jpg
grasshopper,https://bugwoodcloud.org/images/384x256/5552931.jpg
grasshopper,https://bugwoodcloud.org/images/384x256/5552930.jpg
grasshopper,https://bugwoodcloud.org/images/384x256/5552929.jpg
grasshopper,https://bugwoodcloud.org/images/384x256/5552928.jpg
grasshopper,https://bugwoodcloud.org/images/384x256/5552927.jpg
grasshopper,https://bugwoodcloud.org/images/384x256/5552926.jpg
grasshopper,https://bugwoodcloud.org/images/384x256/5552925.jpg
grasshopper,https://bugwoodcloud.org/images/384x256/5552924.jpg
grasshopper,https://bugwoodcloud.org/images/384x256/5552923.jpg
grasshopper,https://bugwoodcloud.org/images/384x256/5552922.jpg
grasshopper,https://bugwoodcloud.org/images/384x256/5552921.jpg
grasshopper,https://bugwoodcloud.org/images/384x256/5552920.jpg
grasshopper,https://bugwoodcloud.org/images/384x256/5552919.jpg
grasshopper,https://bugwoodcloud.org/images/384x256/5552918.jpg
grasshopper,https://bugwoodcloud.org/images/384x256/5552917.jpg
grasshopper,https://bugwoodcloud.org/images/384x256/5552916.jpg
grasshopper,https://bugwoodcloud.org/images/384x256/5552915.jpg
grasshopper,https://bugwoodcloud.org/images/384x256/5552914.jpg
grasshopper,https://bugwoodcloud.org/images/384x256/5552913.jpg
grasshopper,https://bugwoodcloud.org/images/384x256/5552912.jpg
grasshopper,https://bugwoodcloud.org/images/384x256/5552911.jpg
grasshopper,https://bugwoodcloud.org/images/384x256/5552910.jpg
grasshopper,https://bugwoodcloud.org/images/384x256/5552909.jpg
grasshopper,https://bugwoodcloud.org/images/384x256/5552908.jpg
grasshopper,https://bugwoodcloud.org/images/384x256/5552907.jpg
grasshopper,https://bugwoodcloud.org/images/384x256/5552906.jpg
grasshopper,https://bugwoodcloud.org/images/384x256/5552905.jpg
grasshopper,https://bugwoodcloud.org/images/384x256/5552904.jpg
grasshopper,https://bugwoodcloud.org/images/384x256/5552903.jpg
grasshopper,https://bugwoodcloud.org/images/384x256/5552902.jpg
grasshopper,https://bugwoodcloud.org/images/384x256/5552901.jpg
grasshopper,https://bugwoodcloud.org/images/384x256/5552900.jpg
grasshopper,https://bugwoodcloud.org/images/384x256/5552899.jpg
grasshopper,https://bugwoodcloud.org/images/384x256/5552898.jpg
grasshopper,https://bugwoodcloud.org/images/384x256/5552897.jpg
grasshopper,https://bugwoodcloud.org/images/384x256/5552896.jpg
grasshopper,https://bugwoodcloud.org/images/384x256/5552895.jpg
grasshopper,https://bugwoodcloud.org/images/384x256/5552894.jpg
grasshopper,https://bugwoodcloud.org/images/384x256/5552893.jpg
grasshopper,https://bugwoodcloud.org/images/384x256/5552892.jpg
grasshopper,https://bugwoodcloud.org/images/384x256/5552891.jpg
grasshopper,https://bugwoodcloud.org/images/384x256/5552890.jpg
grasshopper,https://bugwoodcloud.org/images/384x256/5552889.jpg
grasshopper,https://bugwoodcloud.org/images/384x256/5552888.jpg
grasshopper,https://bugwoodcloud.org/images/384x256/5552887.jpg
grasshopper,https://bugwoodcloud.org/images/384x256/5552886.jpg
grasshopper,https://bugwoodcloud.org/images/384x256/5552885.jpg
grasshopper,https://bugwoodcloud.org/images/384x256/5552884.jpg
grasshopper,https://bugwoodcloud.org/images/384x256/5552883.jpg
grasshopper,https://bugwoodcloud.org/images/384x256/5552882.jpg
grasshopper,https://bugwoodcloud.org/images/384x256/5552881.jpg
grasshopper,https://bugwoodcloud.org/images/384x256/5552880.jpg
grasshopper,https://bugwoodcloud.org/images/384x256/5552879.jpg
grasshopper,https://bugwoodcloud.org/images/384x256/5552878.jpg
grasshopper,https://bugwoodcloud.org/images/384x256/5552873.jpg
grasshopper,https://bugwoodcloud.org/images/384x256/5552872.jpg
grasshopper,https://bugwoodcloud.org/images/384x256/5552871.jpg
grasshopper,https://bugwoodcloud.org/images/384x256/5552870.jpg
grasshopper,https://bugwoodcloud.org/images/384x256/5552869.jpg
grasshopper,https://bugwoodcloud.org/images/384x256/5552868.jpg
grasshopper,https://bugwoodcloud.org/images/384x256/5552867.jpg
grasshopper,https://bugwoodcloud.org/images/384x256/5552866.jpg
grasshopper,https://bugwoodcloud.org/images/384x256/5552865.jpg
grasshopper,https://bugwoodcloud.org/images/384x256/5552864.jpg
grasshopper,https://bugwoodcloud.org/images/384x256/5552863.jpg
grasshopper,https://bugwoodcloud.org/images/384x256/5552862.jpg
grasshopper,https://bugwoodcloud.org/images/384x256/5552861.jpg
grasshopper,https://bugwoodcloud.org/images/384x256/5552860.jpg
grasshopper,https://bugwoodcloud.org/images/384x256/5552859.jpg
grasshopper,https://bugwoodcloud.org/images/384x256/5552858.jpg
grasshopper,https://bugwoodcloud.org/images/384x256/5552857.jpg
grasshopper,https://bugwoodcloud.org/images/384x256/5552856.jpg
grasshopper,https://bugwoodcloud.org/images/384x256/5552855.jpg
grasshopper,https://bugwoodcloud.org/images/384x256/5552854.jpg
grasshopper,https://bugwoodcloud.org/images/384x256/5552853.jpg
grasshopper,https://bugwoodcloud.org/images/384x256/5552852.jpg
grasshopper,https://bugwoodcloud.org/images/384x256/5552851.jpg
grasshopper,https://bugwoodcloud.org/images/384x256/5552850.jpg
grasshopper,https://bugwoodcloud.org/images/384x256/5552849.jpg
grasshopper,https://bugwoodcloud.org/images/384x256/5552848.jpg
grasshopper,https://bugwoodcloud.org/images/384x256/5552847.jpg
grasshopper,https://bugwoodcloud.org/images/384x256/5552846.jpg
grasshopper,https://bugwoodcloud.org/images/384x256/5552845.jpg
grasshopper,https://bugwoodcloud.org/images/384x256/5552844.jpg
grasshopper,https://bugwoodcloud.org/images/384x256/5552843.jpg
grasshopper,https://bugwoodcloud.org/images/384x256/5552842.jpg
grasshopper,https://bugwoodcloud.org/images/384x256/5552326.jpg
grasshopper,https://bugwoodcloud.org/images/384x256/5552325.jpg
grasshopper,https://bugwoodcloud.org/images/384x256/5552324.jpg
grasshopper,https://bugwoodcloud.org/images/384x256/5552323.jpg
grasshopper,https://bugwoodcloud.org/images/384x256/5552322.jpg
grasshopper,https://bugwoodcloud.org/images/384x256/5552321.jpg
grasshopper,https://bugwoodcloud.org/images/384x256/5552320.jpg
grasshopper,https://bugwoodcloud.org/images/384x256/5552319.jpg
grasshopper,https://bugwoodcloud.org/images/384x256/5552318.jpg
grasshopper,https://bugwoodcloud.org/images/384x256/5552317.jpg
grasshopper,https://bugwoodcloud.org/images/384x256/5552316.jpg
grasshopper,https://bugwoodcloud.org/images/384x256/5552315.jpg
grasshopper,https://bugwoodcloud.org/images/384x256/5552314.jpg
grasshopper,https://bugwoodcloud.org/images/384x256/5552313.jpg
grasshopper,https://bugwoodcloud.org/images/384x256/5552312.jpg
grasshopper,https://bugwoodcloud.org/images/384x256/5552311.jpg
grasshopper,https://bugwoodcloud.org/images/384x256/5552310.jpg
grasshopper,https://bugwoodcloud.org/images/384x256/5552309.jpg
grasshopper,https://bugwoodcloud.org/images/384x256/5552308.jpg
cricket,https://bugwoodcloud.org/images/384x256/5552307.jpg
cricket,https://bugwoodcloud.org/images/384x256/5552306.jpg
cricket,https://bugwoodcloud.org/images/384x256/5552305.jpg
cricket,https://bugwoodcloud.org/images/384x256/5552304.jpg
cricket,https://bugwoodcloud.org/images/384x256/5552303.jpg
cricket,https://bugwoodcloud.org/images/384x256/5552302.jpg
cricket,https://bugwoodcloud.org/images/384x256/5552301.jpg
cricket,https://bugwoodcloud.org/images/384x256/5552300.jpg
cricket,https://bugwoodcloud.org/images/384x256/5552299.jpg
cricket,https://bugwoodcloud.org/images/384x256/5552298.jpg
cricket,https://bugwoodcloud.org/images/384x256/5552297.jpg
cricket,https://bugwoodcloud.org/images/384x256/5552296.jpg
cricket,https://bugwoodcloud.org/images/384x256/5552295.jpg
cricket,https://bugwoodcloud.org/images/384x256/5552294.jpg
cricket,https://bugwoodcloud.org/images/384x256/5552293.jpg
cricket,https://bugwoodcloud.org/images/384x256/5552292.jpg
cricket,https://bugwoodcloud.org/images/384x256/5552291.jpg
grasshopper,https://bugwoodcloud.org/images/384x256/5552283.jpg
grasshopper,https://bugwoodcloud.org/images/384x256/5552282.jpg
grasshopper,https://bugwoodcloud.org/images/384x256/5552281.jpg
grasshopper,https://bugwoodcloud.org/images/384x256/5552280.jpg
grasshopper,https://bugwoodcloud.org/images/384x256/5552279.jpg
grasshopper,https://bugwoodcloud.org/images/384x256/5552278.jpg
grasshopper,https://bugwoodcloud.org/images/384x256/5552277.jpg
grasshopper,https://bugwoodcloud.org/images/384x256/5552276.jpg
grasshopper,https://bugwoodcloud.org/images/384x256/5552269.jpg
grasshopper,https://bugwoodcloud.org/images/384x256/5552268.jpg
grasshopper,https://bugwoodcloud.org/images/384x256/5552267.jpg
grasshopper,https://bugwoodcloud.org/images/384x256/5552266.jpg
grasshopper,https://bugwoodcloud.org/images/384x256/5552265.jpg
grasshopper,https://bugwoodcloud.org/images/384x256/5552264.jpg
grasshopper,https://bugwoodcloud.org/images/384x256/5552263.jpg
grasshopper,https://bugwoodcloud.org/images/384x256/5552262.jpg
grasshopper,https://bugwoodcloud.org/images/384x256/5552261.jpg
grasshopper,https://bugwoodcloud.org/images/384x256/5552260.jpg
grasshopper,https://bugwoodcloud.org/images/384x256/5552259.jpg
grasshopper,https://bugwoodcloud.org/images/384x256/5552258.jpg
grasshopper,https://bugwoodcloud.org/images/384x256/5552257.jpg
cricket,https://bugwoodcloud.org/images/384x256/5552255.jpg
cricket,https://bugwoodcloud.org/images/384x256/5552254.jpg
grasshopper,https://bugwoodcloud.org/images/384x256/5552253.jpg
grasshopper,https://bugwoodcloud.org/images/384x256/5552219.jpg
grasshopper,https://bugwoodcloud.org/images/384x256/5552218.jpg
grasshopper,https://bugwoodcloud.org/images/384x256/5552217.jpg
grasshopper,https://bugwoodcloud.org/images/384x256/5552216.jpg
grasshopper,https://bugwoodcloud.org/images/384x256/5552215.jpg
grasshopper,https://bugwoodcloud.org/images/384x256/5552214.jpg
grasshopper,https://bugwoodcloud.org/images/384x256/5552213.jpg
grasshopper,https://bugwoodcloud.org/images/384x256/5552212.jpg
grasshopper,https://bugwoodcloud.org/images/384x256/5552211.jpg
grasshopper,https://bugwoodcloud.org/images/384x256/5552210.jpg
grasshopper,https://bugwoodcloud.org/images/384x256/5552209.jpg
grasshopper,https://bugwoodcloud.org/images/384x256/5552208.jpg
grasshopper,https://bugwoodcloud.org/images/384x256/5552207.jpg
grasshopper,https://bugwoodcloud.org/images/384x256/5552206.jpg
grasshopper,https://bugwoodcloud.org/images/384x256/5552205.jpg
grasshopper,https://bugwoodcloud.org/images/384x256/5552204.jpg
grasshopper,https://bugwoodcloud.org/images/384x256/5552203.jpg
grasshopper,https://bugwoodcloud.org/images/384x256/5552202.jpg
grasshopper,https://bugwoodcloud.org/images/384x256/5552201.jpg
grasshopper,https://bugwoodcloud.org/images/384x256/5552200.jpg
grasshopper,https://bugwoodcloud.org/images/384x256/5552193.jpg
grasshopper,https://bugwoodcloud.org/images/384x256/5552192.jpg
grasshopper,https://bugwoodcloud.org/images/384x256/5552191.jpg
grasshopper,https://bugwoodcloud.org/images/384x256/5552190.jpg
grasshopper,https://bugwoodcloud.org/images/384x256/5552189.jpg
grasshopper,https://bugwoodcloud.org/images/384x256/5552188.jpg
grasshopper,https://bugwoodcloud.org/images/384x256/5552187.jpg
grasshopper,https://bugwoodcloud.org/images/384x256/5552186.jpg
grasshopper,https://bugwoodcloud.org/images/384x256/5552185.jpg
grasshopper,https://bugwoodcloud.org/images/384x256/5552184.jpg
grasshopper,https://bugwoodcloud.org/images/384x256/5552183.jpg
grasshopper,https://bugwoodcloud.org/images/384x256/5552182.jpg
grasshopper,https://bugwoodcloud.org/images/384x256/5552181.jpg
grasshopper,https://bugwoodcloud.org/images/384x256/5552180.jpg
grasshopper,https://bugwoodcloud.org/images/384x256/5552179.jpg
grasshopper,https://bugwoodcloud.org/images/384x256/5552178.jpg
grasshopper,https://bugwoodcloud.org/images/384x256/5552177.jpg
grasshopper,https://bugwoodcloud.org/images/384x256/5552176.jpg
cricket,https://bugwoodcloud.org/images/384x256/5552172.jpg
cricket,https://bugwoodcloud.org/images/384x256/5552171.jpg
grasshopper,https://bugwoodcloud.org/images/384x256/5552170.jpg
grasshopper,https://bugwoodcloud.org/images/384x256/5552169.jpg
grasshopper,https://bugwoodcloud.org/images/384x256/5552168.jpg
grasshopper,https://bugwoodcloud.org/images/384x256/5552167.jpg
grasshopper,https://bugwoodcloud.org/images/384x256/5552166.jpg
grasshopper,https://bugwoodcloud.org/images/384x256/5552165.jpg
grasshopper,https://bugwoodcloud.org/images/384x256/5552164.jpg
cricket,https://bugwoodcloud.org/images/384x256/5552163.jpg
cricket,https://bugwoodcloud.org/images/384x256/5552162.jpg
cricket,https://bugwoodcloud.org/images/384x256/5552161.jpg
cricket,https://bugwoodcloud.org/images/384x256/5552160.jpg
cricket,https://bugwoodcloud.org/images/384x256/5552159.jpg
cricket,https://bugwoodcloud.org/images/384x256/5552158.jpg
cricket,https://bugwoodcloud.org/images/384x256/5552157.jpg
cricket,https://bugwoodcloud.org/images/384x256/5552156.jpg
cricket,https://bugwoodcloud.org/images/384x256/5552155.jpg
cricket,https://bugwoodcloud.org/images/384x256/5552154.jpg
cricket,https://bugwoodcloud.org/images/384x256/5552153.jpg
cricket,https://bugwoodcloud.org/images/384x256/5552152.jpg
cricket,https://bugwoodcloud.org/images/384x256/5552151.jpg
cricket,https://bugwoodcloud.org/images/384x256/5552150.jpg
cricket,https://bugwoodcloud.org/images/384x256/5552149.jpg
cricket,https://bugwoodcloud.org/images/384x256/5552148.jpg
cricket,https://bugwoodcloud.org/images/384x256/5552147.jpg
cricket,https://bugwoodcloud.org/images/384x256/5552146.jpg
cricket,https://bugwoodcloud.org/images/384x256/5552145.jpg
cricket,https://bugwoodcloud.org/images/384x256/5552144.jpg
cricket,https://bugwoodcloud.org/images/384x256/5552143.jpg
cricket,https://bugwoodcloud.org/images/384x256/5552142.jpg
cricket,https://bugwoodcloud.org/images/384x256/5552130.jpg
cricket,https://bugwoodcloud.org/images/384x256/5552129.jpg
cricket,https://bugwoodcloud.org/images/384x256/5552128.jpg
cricket,https://bugwoodcloud.org/images/384x256/5552127.jpg
cricket,https://bugwoodcloud.org/images/384x256/5552126.jpg
cricket,https://bugwoodcloud.org/images/384x256/5552125.jpg
cricket,https://bugwoodcloud.org/images/384x256/5552124.jpg
cricket,https://bugwoodcloud.org/images/384x256/5552123.jpg
cricket,https://bugwoodcloud.org/images/384x256/5552122.jpg
cricket,https://bugwoodcloud.org/images/384x256/5552121.jpg
cricket,https://bugwoodcloud.org/images/384x256/5552120.jpg
cricket,https://bugwoodcloud.org/images/384x256/5552119.jpg
cricket,https://bugwoodcloud.org/images/384x256/5552118.jpg
cricket,https://bugwoodcloud.org/images/384x256/5552117.jpg
cricket,https://bugwoodcloud.org/images/384x256/5552116.jpg
cricket,https://bugwoodcloud.org/images/384x256/5552115.jpg
cricket,https://bugwoodcloud.org/images/384x256/5552114.jpg
cricket,https://bugwoodcloud.org/images/384x256/5552113.jpg
cricket,https://bugwoodcloud.org/images/384x256/5552112.jpg
cricket,https://bugwoodcloud.org/images/384x256/5552111.jpg
cricket,https://bugwoodcloud.org/images/384x256/5552110.jpg
cricket,https://bugwoodcloud.org/images/384x256/5552109.jpg
cricket,https://bugwoodcloud.org/images/384x256/5552108.jpg
cricket,https://bugwoodcloud.org/images/384x256/5552107.jpg
cricket,https://bugwoodcloud.org/images/384x256/5552106.jpg
cricket,https://bugwoodcloud.org/images/384x256/5552105.jpg
cricket,https://bugwoodcloud.org/images/384x256/5552104.jpg
cricket,https://bugwoodcloud.org/images/384x256/5552103.jpg
grasshopper,https://bugwoodcloud.org/images/384x256/5552102.jpg
grasshopper,https://bugwoodcloud.org/images/384x256/5552101.jpg
grasshopper,https://bugwoodcloud.org/images/384x256/5552100.jpg
grasshopper,https://bugwoodcloud.org/images/384x256/5552099.jpg
grasshopper,https://bugwoodcloud.org/images/384x256/5552098.jpg
grasshopper,https://bugwoodcloud.org/images/384x256/5552097.jpg
grasshopper,https://bugwoodcloud.org/images/384x256/5552096.jpg
grasshopper,https://bugwoodcloud.org/images/384x256/5552095.jpg
grasshopper,https://bugwoodcloud.org/images/384x256/5552094.jpg
grasshopper,https://bugwoodcloud.org/images/384x256/5552093.jpg
grasshopper,https://bugwoodcloud.org/images/384x256/5552092.jpg
grasshopper,https://bugwoodcloud.org/images/384x256/5552091.jpg
grasshopper,https://bugwoodcloud.org/images/384x256/5552090.jpg
grasshopper,https://bugwoodcloud.org/images/384x256/5552089.jpg
grasshopper,https://bugwoodcloud.org/images/384x256/5552088.jpg
grasshopper,https://bugwoodcloud.org/images/384x256/5552087.jpg
grasshopper,https://bugwoodcloud.org/images/384x256/5552086.jpg
grasshopper,https://bugwoodcloud.org/images/384x256/5552085.jpg
grasshopper,https://bugwoodcloud.org/images/384x256/5552084.jpg
grasshopper,https://bugwoodcloud.org/images/384x256/5552083.jpg
katydid,https://bugwoodcloud.org/images/384x256/5552082.jpg
katydid,https://bugwoodcloud.org/images/384x256/5552081.jpg
katydid,https://bugwoodcloud.org/images/384x256/5552080.jpg
katydid,https://bugwoodcloud.org/images/384x256/5552079.jpg
katydid,https://bugwoodcloud.org/images/384x256/5552078.jpg
katydid,https://bugwoodcloud.org/images/384x256/5552077.jpg
katydid,https://bugwoodcloud.org/images/384x256/5552076.jpg
katydid,https://bugwoodcloud.org/images/384x256/5552075.jpg
katydid,https://bugwoodcloud.org/images/384x256/5552074.jpg
grasshopper,https://bugwoodcloud.org/images/384x256/5551941.jpg
grasshopper,https://bugwoodcloud.org/images/384x256/5551940.jpg
grasshopper,https://bugwoodcloud.org/images/384x256/5551939.jpg
grasshopper,https://bugwoodcloud.org/images/384x256/5551938.jpg
grasshopper,https://bugwoodcloud.org/images/384x256/5551925.jpg
grasshopper,https://bugwoodcloud.org/images/384x256/5551924.jpg
grasshopper,https://bugwoodcloud.org/images/384x256/5551923.jpg
grasshopper,https://bugwoodcloud.org/images/384x256/5551922.jpg
grasshopper,https://bugwoodcloud.org/images/384x256/5551921.jpg
grasshopper,https://bugwoodcloud.org/images/384x256/5551920.jpg
grasshopper,https://bugwoodcloud.org/images/384x256/5551919.jpg
grasshopper,https://bugwoodcloud.org/images/384x256/5551918.jpg
grasshopper,https://bugwoodcloud.org/images/384x256/5551917.jpg
grasshopper,https://bugwoodcloud.org/images/384x256/5551916.jpg
grasshopper,https://bugwoodcloud.org/images/384x256/5551915.jpg
grasshopper,https://bugwoodcloud.org/images/384x256/5551914.jpg
grasshopper,https://bugwoodcloud.org/images/384x256/5551913.jpg
grasshopper,https://bugwoodcloud.org/images/384x256/5551912.jpg
grasshopper,https://bugwoodcloud.org/images/384x256/5551911.jpg
grasshopper,https://bugwoodcloud.org/images/384x256/5551910.jpg
grasshopper,https://bugwoodcloud.org/images/384x256/5551909.jpg
grasshopper,https://bugwoodcloud.org/images/384x256/5551908.jpg
grasshopper,https://bugwoodcloud.org/images/384x256/5551907.jpg
grasshopper,https://bugwoodcloud.org/images/384x256/5551906.jpg
grasshopper,https://bugwoodcloud.org/images/384x256/5551905.jpg
grasshopper,https://bugwoodcloud.org/images/384x256/5551904.jpg
grasshopper,https://bugwoodcloud.org/images/384x256/5551903.jpg
grasshopper,https://bugwoodcloud.org/images/384x256/5551902.jpg
grasshopper,https://bugwoodcloud.org/images/384x256/5551901.jpg
grasshopper,https://bugwoodcloud.org/images/384x256/5551900.jpg
grasshopper,https://bugwoodcloud.org/images/384x256/5551899.jpg
grasshopper,https://bugwoodcloud.org/images/384x256/5551898.jpg
grasshopper,https://bugwoodcloud.org/images/384x256/5551897.jpg
grasshopper,https://bugwoodcloud.org/images/384x256/5551896.jpg
grasshopper,https://bugwoodcloud.org/images/384x256/5551895.jpg
grasshopper,https://bugwoodcloud.org/images/384x256/5551894.jpg
grasshopper,https://bugwoodcloud.org/images/384x256/5551893.jpg
grasshopper,https://bugwoodcloud.org/images/384x256/5551892.jpg
grasshopper,https://bugwoodcloud.org/images/384x256/5551891.jpg
grasshopper,https://bugwoodcloud.org/images/384x256/5551598.jpg
katydid,https://bugwoodcloud.org/images/384x256/5550105.jpg
katydid,https://bugwoodcloud.org/images/384x256/5544495.jpg
grasshopper,https://bugwoodcloud.org/images/384x256/5544464.jpg
grasshopper,https://bugwoodcloud.org/images/384x256/5544434.jpg
grasshopper,https://bugwoodcloud.org/images/384x256/5530101.jpg
grasshopper,https://bugwoodcloud.org/images/384x256/5530100.jpg
grasshopper,https://bugwoodcloud.org/images/384x256/5530099.jpg
katydid,https://bugwoodcloud.org/images/384x256/5520053.jpg
katydid,https://bugwoodcloud.org/images/384x256/5519803.jpg
katydid,https://bugwoodcloud.org/images/384x256/5517314.jpg
grasshopper,https://bugwoodcloud.org/images/384x256/5515521.jpg
grasshopper,https://bugwoodcloud.org/images/384x256/5515520.jpg
cricket,https://bugwoodcloud.org/images/384x256/5511959.jpg
cricket,https://bugwoodcloud.org/images/384x256/5511958.jpg
cricket,https://bugwoodcloud.org/images/384x256/5511957.jpg
cricket,https://bugwoodcloud.org/images/384x256/5511956.jpg
cricket,https://bugwoodcloud.org/images/384x256/5511955.jpg
cricket,https://bugwoodcloud.org/images/384x256/5511954.jpg
cricket,https://bugwoodcloud.org/images/384x256/5511953.jpg
cricket,https://bugwoodcloud.org/images/384x256/5511952.jpg
katydid,https://bugwoodcloud.org/images/384x256/5511951.jpg
katydid,https://bugwoodcloud.org/images/384x256/5511950.jpg
katydid,https://bugwoodcloud.org/images/384x256/5511949.jpg
katydid,https://bugwoodcloud.org/images/384x256/5511948.jpg
katydid,https://bugwoodcloud.org/images/384x256/5511946.jpg
katydid,https://bugwoodcloud.org/images/384x256/5511945.jpg
katydid,https://bugwoodcloud.org/images/384x256/5511944.jpg
cricket,https://bugwoodcloud.org/images/384x256/5511943.jpg
grasshopper,https://bugwoodcloud.org/images/384x256/5511942.jpg
grasshopper,https://bugwoodcloud.org/images/384x256/5511941.jpg
grasshopper,https://bugwoodcloud.org/images/384x256/5511939.jpg
grasshopper,https://bugwoodcloud.org/images/384x256/5511938.jpg
grasshopper,https://bugwoodcloud.org/images/384x256/5511937.jpg
grasshopper,https://bugwoodcloud.org/images/384x256/5511936.jpg
grasshopper,https://bugwoodcloud.org/images/384x256/5511935.jpg
grasshopper,https://bugwoodcloud.org/images/384x256/5511934.jpg
grasshopper,https://bugwoodcloud.org/images/384x256/5511933.jpg
grasshopper,https://bugwoodcloud.org/images/384x256/5511932.jpg
grasshopper,https://bugwoodcloud.org/images/384x256/5511931.jpg
grasshopper,https://bugwoodcloud.org/images/384x256/5511930.jpg
grasshopper,https://bugwoodcloud.org/images/384x256/5511929.jpg
grasshopper,https://bugwoodcloud.org/images/384x256/5511928.jpg
grasshopper,https://bugwoodcloud.org/images/384x256/5511927.jpg
grasshopper,https://bugwoodcloud.org/images/384x256/5511926.jpg
grasshopper,https://bugwoodcloud.org/images/384x256/5511925.jpg
grasshopper,https://bugwoodcloud.org/images/384x256/5511924.jpg
grasshopper,https://bugwoodcloud.org/images/384x256/5511923.jpg
grasshopper,https://bugwoodcloud.org/images/384x256/5511922.jpg
grasshopper,https://bugwoodcloud.org/images/384x256/5511921.jpg
grasshopper,https://bugwoodcloud.org/images/384x256/5511920.jpg
grasshopper,https://bugwoodcloud.org/images/384x256/5511919.jpg
grasshopper,https://bugwoodcloud.org/images/384x256/5511918.jpg
grasshopper,https://bugwoodcloud.org/images/384x256/5511917.jpg
grasshopper,https://bugwoodcloud.org/images/384x256/5511916.jpg
grasshopper,https://bugwoodcloud.org/images/384x256/5511915.jpg
grasshopper,https://bugwoodcloud.org/images/384x256/5511914.jpg
grasshopper,https://bugwoodcloud.org/images/384x256/5511913.jpg
grasshopper,https://bugwoodcloud.org/images/384x256/5511912.jpg
grasshopper,https://bugwoodcloud.org/images/384x256/5511911.jpg
grasshopper,https://bugwoodcloud.org/images/384x256/5511773.jpg
grasshopper,https://bugwoodcloud.org/images/384x256/5511771.jpg
grasshopper,https://bugwoodcloud.org/images/384x256/5511479.jpg
grasshopper,https://bugwoodcloud.org/images/384x256/5511478.jpg
grasshopper,https://bugwoodcloud.org/images/384x256/5509573.jpg
grasshopper,https://bugwoodcloud.org/images/384x256/5509572.jpg
grasshopper,https://bugwoodcloud.org/images/384x256/5509571.jpg
grasshopper,https://bugwoodcloud.org/images/384x256/5509570.jpg
grasshopper,https://bugwoodcloud.org/images/384x256/5509569.jpg
grasshopper,https://bugwoodcloud.org/images/384x256/5509568.jpg
grasshopper,https://bugwoodcloud.org/images/384x256/5509567.jpg
grasshopper,https://bugwoodcloud.org/images/384x256/5509566.jpg
grasshopper,https://bugwoodcloud.org/images/384x256/5509565.jpg
grasshopper,https://bugwoodcloud.org/images/384x256/5509564.jpg
grasshopper,https://bugwoodcloud.org/images/384x256/5499259.jpg
grasshopper,https://bugwoodcloud.org/images/384x256/5499258.jpg
grasshopper,https://bugwoodcloud.org/images/384x256/5496801.jpg
grasshopper,https://bugwoodcloud.org/images/384x256/5496800.jpg
katydid,https://bugwoodcloud.org/images/384x256/5495783.jpg
katydid,https://bugwoodcloud.org/images/384x256/5495411.jpg
katydid,https://bugwoodcloud.org/images/384x256/5495410.jpg
grasshopper,https://bugwoodcloud.org/images/384x256/5494923.jpg
grasshopper,https://bugwoodcloud.org/images/384x256/5494922.jpg
cricket,https://bugwoodcloud.org/images/384x256/5493496.jpg
katydid,https://bugwoodcloud.org/images/384x256/5490044.jpg
katydid,https://bugwoodcloud.org/images/384x256/5489161.jpg
katydid,https://bugwoodcloud.org/images/384x256/5489160.jpg
katydid,https://bugwoodcloud.org/images/384x256/5489159.jpg
katydid,https://bugwoodcloud.org/images/384x256/5489158.jpg
cricket,https://bugwoodcloud.org/images/384x256/5482841.jpg
grasshopper,https://bugwoodcloud.org/images/384x256/5482827.jpg
cricket,https://bugwoodcloud.org/images/384x256/5482825.jpg
grasshopper,https://bugwoodcloud.org/images/384x256/5474954.jpg
grasshopper,https://bugwoodcloud.org/images/384x256/5474953.jpg
grasshopper,https://bugwoodcloud.org/images/384x256/5474952.jpg
grasshopper,https://bugwoodcloud.org/images/384x256/5474951.jpg
grasshopper,https://bugwoodcloud.org/images/384x256/5474950.jpg
grasshopper,https://bugwoodcloud.org/images/384x256/5474949.jpg
grasshopper,https://bugwoodcloud.org/images/384x256/5471990.jpg
grasshopper,https://bugwoodcloud.org/images/384x256/5471989.jpg
grasshopper,https://bugwoodcloud.org/images/384x256/5471988.jpg
grasshopper,https://bugwoodcloud.org/images/384x256/5471987.jpg
grasshopper,https://bugwoodcloud.org/images/384x256/5471986.jpg
grasshopper,https://bugwoodcloud.org/images/384x256/5471490.jpg
grasshopper,https://bugwoodcloud.org/images/384x256/5471489.jpg
grasshopper,https://bugwoodcloud.org/images/384x256/5471488.jpg
grasshopper,https://bugwoodcloud.org/images/384x256/5471487.jpg
grasshopper,https://bugwoodcloud.org/images/384x256/5471486.jpg
grasshopper,https://bugwoodcloud.org/images/384x256/5471485.jpg
grasshopper,https://bugwoodcloud.org/images/384x256/5471484.jpg
grasshopper,https://bugwoodcloud.org/images/384x256/5471483.jpg
grasshopper,https://bugwoodcloud.org/images/384x256/5471482.jpg
grasshopper,https://bugwoodcloud.org/images/384x256/5471289.jpg
grasshopper,https://bugwoodcloud.org/images/384x256/5471288.jpg
grasshopper,https://bugwoodcloud.org/images/384x256/5471287.jpg
grasshopper,https://bugwoodcloud.org/images/384x256/5471286.jpg
grasshopper,https://bugwoodcloud.org/images/384x256/5471285.jpg
grasshopper,https://bugwoodcloud.org/images/384x256/5471284.jpg
grasshopper,https://bugwoodcloud.org/images/384x256/5471283.jpg
grasshopper,https://bugwoodcloud.org/images/384x256/5471282.jpg
grasshopper,https://bugwoodcloud.org/images/384x256/5471281.jpg
grasshopper,https://bugwoodcloud.org/images/384x256/5471280.jpg
grasshopper,https://bugwoodcloud.org/images/384x256/5471279.jpg
grasshopper,https://bugwoodcloud.org/images/384x256/5471278.jpg
grasshopper,https://bugwoodcloud.org/images/384x256/5471277.jpg
grasshopper,https://bugwoodcloud.org/images/384x256/5471276.jpg
grasshopper,https://bugwoodcloud.org/images/384x256/5471275.jpg
grasshopper,https://bugwoodcloud.org/images/384x256/5470677.jpg
grasshopper,https://bugwoodcloud.org/images/384x256/5470676.jpg
grasshopper,https://bugwoodcloud.org/images/384x256/5470675.jpg
grasshopper,https://bugwoodcloud.org/images/384x256/5470674.jpg
grasshopper,https://bugwoodcloud.org/images/384x256/5470673.jpg
grasshopper,https://bugwoodcloud.org/images/384x256/5470461.jpg
grasshopper,https://bugwoodcloud.org/images/384x256/5470460.jpg
grasshopper,https://bugwoodcloud.org/images/384x256/5470459.jpg
grasshopper,https://bugwoodcloud.org/images/384x256/5470458.jpg
grasshopper,https://bugwoodcloud.org/images/384x256/5470457.jpg
grasshopper,https://bugwoodcloud.org/images/384x256/5470455.jpg
cricket,https://bugwoodcloud.org/images/384x256/5462100.jpg
cricket,https://bugwoodcloud.org/images/384x256/5462099.jpg
cricket,https://bugwoodcloud.org/images/384x256/5462098.jpg
cricket,https://bugwoodcloud.org/images/384x256/5462097.jpg
cricket,https://bugwoodcloud.org/images/384x256/5462096.jpg
cricket,https://bugwoodcloud.org/images/384x256/5462095.jpg
cricket,https://bugwoodcloud.org/images/384x256/5462094.jpg
grasshopper,https://bugwoodcloud.org/images/384x256/5460005.jpg
grasshopper,https://bugwoodcloud.org/images/384x256/5460004.jpg
cricket,https://bugwoodcloud.org/images/384x256/5458021.jpg
grasshopper,https://bugwoodcloud.org/images/384x256/5454431.jpg
grasshopper,https://bugwoodcloud.org/images/384x256/5454416.jpg
grasshopper,https://bugwoodcloud.org/images/384x256/5445383.jpg
grasshopper,https://bugwoodcloud.org/images/384x256/5445382.jpg
grasshopper,https://bugwoodcloud.org/images/384x256/5445381.jpg
cricket,https://bugwoodcloud.org/images/384x256/5445348.jpg
cricket,https://bugwoodcloud.org/images/384x256/5445347.jpg
grasshopper,https://bugwoodcloud.org/images/384x256/5445333.jpg
grasshopper,https://bugwoodcloud.org/images/384x256/5445332.jpg
grasshopper,https://bugwoodcloud.org/images/384x256/5445331.jpg
grasshopper,https://bugwoodcloud.org/images/384x256/5445330.jpg
grasshopper,https://bugwoodcloud.org/images/384x256/5445329.jpg
grasshopper,https://bugwoodcloud.org/images/384x256/5445308.jpg
grasshopper,https://bugwoodcloud.org/images/384x256/5445291.jpg
grasshopper,https://bugwoodcloud.org/images/384x256/5445274.jpg
grasshopper,https://bugwoodcloud.org/images/384x256/5445273.jpg
grasshopper,https://bugwoodcloud.org/images/384x256/5445272.jpg
katydid,https://bugwoodcloud.org/images/384x256/5445236.jpg
katydid,https://bugwoodcloud.org/images/384x256/5445235.jpg
katydid,https://bugwoodcloud.org/images/384x256/5445234.jpg
katydid,https://bugwoodcloud.org/images/384x256/5445232.jpg
grasshopper,https://bugwoodcloud.org/images/384x256/5445182.jpg
grasshopper,https://bugwoodcloud.org/images/384x256/5445181.jpg
grasshopper,https://bugwoodcloud.org/images/384x256/5445180.jpg
katydid,https://bugwoodcloud.org/images/384x256/5445179.jpg
katydid,https://bugwoodcloud.org/images/384x256/5445177.jpg
katydid,https://bugwoodcloud.org/images/384x256/5445151.jpg
grasshopper,https://bugwoodcloud.org/images/384x256/5444694.jpg
grasshopper,https://bugwoodcloud.org/images/384x256/5444693.jpg
grasshopper,https://bugwoodcloud.org/images/384x256/5444692.jpg
grasshopper,https://bugwoodcloud.org/images/384x256/5444691.jpg
grasshopper,https://bugwoodcloud.org/images/384x256/5444690.jpg
grasshopper,https://bugwoodcloud.org/images/384x256/5443314.jpg
grasshopper,https://bugwoodcloud.org/images/384x256/5443313.jpg
grasshopper,https://bugwoodcloud.org/images/384x256/5443040.jpg
grasshopper,https://bugwoodcloud.org/images/384x256/5440190.jpg
grasshopper,https://bugwoodcloud.org/images/384x256/5439886.jpg
grasshopper,https://bugwoodcloud.org/images/384x256/5439885.jpg
katydid,https://bugwoodcloud.org/images/384x256/5435472.jpg
katydid,https://bugwoodcloud.org/images/384x256/5435471.jpg
katydid,https://bugwoodcloud.org/images/384x256/5435470.jpg
grasshopper,https://bugwoodcloud.org/images/384x256/5435267.jpg
katydid,https://bugwoodcloud.org/images/384x256/5429870.jpg
grasshopper,https://bugwoodcloud.org/images/384x256/5428278.jpg
grasshopper,https://bugwoodcloud.org/images/384x256/5428277.jpg
cricket,https://bugwoodcloud.org/images/384x256/5427707.jpg
cricket,https://bugwoodcloud.org/images/384x256/5427706.jpg
cricket,https://bugwoodcloud.org/images/384x256/5427705.jpg
cricket,https://bugwoodcloud.org/images/384x256/5427704.jpg
cricket,https://bugwoodcloud.org/images/384x256/5427703.jpg
cricket,https://bugwoodcloud.org/images/384x256/5427702.jpg
cricket,https://bugwoodcloud.org/images/384x256/5427005.jpg
cricket,https://bugwoodcloud.org/images/384x256/5427004.jpg
cricket,https://bugwoodcloud.org/images/384x256/5427003.jpg
cricket,https://bugwoodcloud.org/images/384x256/5427002.jpg
katydid,https://bugwoodcloud.org/images/384x256/5424529.jpg
grasshopper,https://bugwoodcloud.org/images/384x256/5424324.jpg
grasshopper,https://bugwoodcloud.org/images/384x256/5424323.jpg
katydid,https://bugwoodcloud.org/images/384x256/5424299.jpg
katydid,https://bugwoodcloud.org/images/384x256/5424298.jpg
katydid,https://bugwoodcloud.org/images/384x256/5424297.jpg
katydid,https://bugwoodcloud.org/images/384x256/5424296.jpg
katydid,https://bugwoodcloud.org/images/384x256/5424295.jpg
katydid,https://bugwoodcloud.org/images/384x256/5424294.jpg
katydid,https://bugwoodcloud.org/images/384x256/5424293.jpg
katydid,https://bugwoodcloud.org/images/384x256/5424176.jpg
katydid,https://bugwoodcloud.org/images/384x256/5424174.jpg
grasshopper,https://bugwoodcloud.org/images/384x256/5416435.jpg
katydid,https://bugwoodcloud.org/images/384x256/5416406.jpg
grasshopper,https://bugwoodcloud.org/images/384x256/5411495.jpg
grasshopper,https://bugwoodcloud.org/images/384x256/5406721.jpg
grasshopper,https://bugwoodcloud.org/images/384x256/5406548.jpg
grasshopper,https://bugwoodcloud.org/images/384x256/5406547.jpg
katydid,https://bugwoodcloud.org/images/384x256/5403780.jpg
katydid,https://bugwoodcloud.org/images/384x256/5403779.jpg
katydid,https://bugwoodcloud.org/images/384x256/5403778.jpg
katydid,https://bugwoodcloud.org/images/384x256/5403777.jpg
cricket,https://bugwoodcloud.org/images/384x256/5403513.jpg
katydid,https://bugwoodcloud.org/images/384x256/5403367.jpg
katydid,https://bugwoodcloud.org/images/384x256/5403366.jpg
katydid,https://bugwoodcloud.org/images/384x256/5403365.jpg
katydid,https://bugwoodcloud.org/images/384x256/5403364.jpg
katydid,https://bugwoodcloud.org/images/384x256/5403363.jpg
katydid,https://bugwoodcloud.org/images/384x256/5403362.jpg
katydid,https://bugwoodcloud.org/images/384x256/5403361.jpg
katydid,https://bugwoodcloud.org/images/384x256/5403360.jpg
katydid,https://bugwoodcloud.org/images/384x256/5403359.jpg
katydid,https://bugwoodcloud.org/images/384x256/5403358.jpg
grasshopper,https://bugwoodcloud.org/images/384x256/5402875.jpg
grasshopper,https://bugwoodcloud.org/images/384x256/5402874.jpg
grasshopper,https://bugwoodcloud.org/images/384x256/5402873.jpg
grasshopper,https://bugwoodcloud.org/images/384x256/5402872.jpg
grasshopper,https://bugwoodcloud.org/images/384x256/5402871.jpg
cricket,https://bugwoodcloud.org/images/384x256/5402830.jpg
cricket,https://bugwoodcloud.org/images/384x256/5402829.jpg
cricket,https://bugwoodcloud.org/images/384x256/5402828.jpg
cricket,https://bugwoodcloud.org/images/384x256/5402827.jpg
cricket,https://bugwoodcloud.org/images/384x256/5402826.jpg
cricket,https://bugwoodcloud.org/images/384x256/5402825.jpg
grasshopper,https://bugwoodcloud.org/images/384x256/5402809.jpg
grasshopper,https://bugwoodcloud.org/images/384x256/5402808.jpg
grasshopper,https://bugwoodcloud.org/images/384x256/5402807.jpg
grasshopper,https://bugwoodcloud.org/images/384x256/5402806.jpg
grasshopper,https://bugwoodcloud.org/images/384x256/5402805.jpg
cricket,https://bugwoodcloud.org/images/384x256/5402597.jpg
cricket,https://bugwoodcloud.org/images/384x256/5401828.jpg
cricket,https://bugwoodcloud.org/images/384x256/5401827.jpg
cricket,https://bugwoodcloud.org/images/384x256/5401826.jpg
cricket,https://bugwoodcloud.org/images/384x256/5401825.jpg
grasshopper,https://bugwoodcloud.org/images/384x256/5393839.jpg
grasshopper,https://bugwoodcloud.org/images/384x256/5393473.jpg
katydid,https://bugwoodcloud.org/images/384x256/5393465.jpg
katydid,https://bugwoodcloud.org/images/384x256/5393464.jpg
katydid,https://bugwoodcloud.org/images/384x256/5393463.jpg
katydid,https://bugwoodcloud.org/images/384x256/5393462.jpg
katydid,https://bugwoodcloud.org/images/384x256/5393461.jpg
katydid,https://bugwoodcloud.org/images/384x256/5393459.jpg
cricket,https://bugwoodcloud.org/images/384x256/5393125.jpg
cricket,https://bugwoodcloud.org/images/384x256/5393124.jpg
cricket,https://bugwoodcloud.org/images/384x256/5393123.jpg
cricket,https://bugwoodcloud.org/images/384x256/5393122.jpg
cricket,https://bugwoodcloud.org/images/384x256/5393121.jpg
cricket,https://bugwoodcloud.org/images/384x256/5393120.jpg
cricket,https://bugwoodcloud.org/images/384x256/5393119.jpg
cricket,https://bugwoodcloud.org/images/384x256/5393118.jpg
grasshopper,https://bugwoodcloud.org/images/384x256/5392951.jpg
grasshopper,https://bugwoodcloud.org/images/384x256/5392950.jpg
cricket,https://bugwoodcloud.org/images/384x256/5389223.jpg
cricket,https://bugwoodcloud.org/images/384x256/5389222.jpg
cricket,https://bugwoodcloud.org/images/384x256/5389221.jpg
cricket,https://bugwoodcloud.org/images/384x256/5389220.jpg
cricket,https://bugwoodcloud.org/images/384x256/5389219.jpg
cricket,https://bugwoodcloud.org/images/384x256/5389218.jpg
grasshopper,https://bugwoodcloud.org/images/384x256/5389026.jpg
grasshopper,https://bugwoodcloud.org/images/384x256/5389012.jpg
katydid,https://bugwoodcloud.org/images/384x256/5389001.jpg
cricket,https://bugwoodcloud.org/images/384x256/5387782.jpg
grasshopper,https://bugwoodcloud.org/images/384x256/5387732.jpg
grasshopper,https://bugwoodcloud.org/images/384x256/5387731.jpg
grasshopper,https://bugwoodcloud.org/images/384x256/5387730.jpg
cricket,https://bugwoodcloud.org/images/384x256/5387690.jpg
cricket,https://bugwoodcloud.org/images/384x256/5387689.jpg
cricket,https://bugwoodcloud.org/images/384x256/5387688.jpg
grasshopper,https://bugwoodcloud.org/images/384x256/5386112.jpg
grasshopper,https://bugwoodcloud.org/images/384x256/5386111.jpg
grasshopper,https://bugwoodcloud.org/images/384x256/5386060.jpg
grasshopper,https://bugwoodcloud.org/images/384x256/5386059.jpg
grasshopper,https://bugwoodcloud.org/images/384x256/5386058.jpg
grasshopper,https://bugwoodcloud.org/images/384x256/5386057.jpg
cricket,https://bugwoodcloud.org/images/384x256/5385887.jpg
cricket,https://bugwoodcloud.org/images/384x256/5385886.jpg
cricket,https://bugwoodcloud.org/images/384x256/5385885.jpg
cricket,https://bugwoodcloud.org/images/384x256/5385884.jpg
grasshopper,https://bugwoodcloud.org/images/384x256/5385362.jpg
grasshopper,https://bugwoodcloud.org/images/384x256/5385361.jpg
grasshopper,https://bugwoodcloud.org/images/384x256/5385360.jpg
katydid,https://bugwoodcloud.org/images/384x256/5383712.jpg
katydid,https://bugwoodcloud.org/images/384x256/5383711.jpg
katydid,https://bugwoodcloud.org/images/384x256/5383710.jpg
katydid,https://bugwoodcloud.org/images/384x256/5383709.jpg
katydid,https://bugwoodcloud.org/images/384x256/5383708.jpg
katydid,https://bugwoodcloud.org/images/384x256/5383707.jpg
grasshopper,https://bugwoodcloud.org/images/384x256/5382569.jpg
katydid,https://bugwoodcloud.org/images/384x256/5382024.jpg
katydid,https://bugwoodcloud.org/images/384x256/5382023.jpg
grasshopper,https://bugwoodcloud.org/images/384x256/5381079.jpg
katydid,https://bugwoodcloud.org/images/384x256/5379961.jpg
cricket,https://bugwoodcloud.org/images/384x256/5379940.jpg
grasshopper,https://bugwoodcloud.org/images/384x256/5376032.jpg
katydid,https://bugwoodcloud.org/images/384x256/5376031.jpg
katydid,https://bugwoodcloud.org/images/384x256/5376030.jpg
cricket,https://bugwoodcloud.org/images/384x256/5370378.jpg
cricket,https://bugwoodcloud.org/images/384x256/5370377.jpg
cricket,https://bugwoodcloud.org/images/384x256/5370376.jpg
cricket,https://bugwoodcloud.org/images/384x256/5370375.jpg
cricket,https://bugwoodcloud.org/images/384x256/5370374.jpg
katydid,https://bugwoodcloud.org/images/384x256/5370362.jpg
katydid,https://bugwoodcloud.org/images/384x256/5370361.jpg
katydid,https://bugwoodcloud.org/images/384x256/5370360.jpg
katydid,https://bugwoodcloud.org/images/384x256/5370359.jpg
grasshopper,https://bugwoodcloud.org/images/384x256/5369860.jpg
grasshopper,https://bugwoodcloud.org/images/384x256/5369859.jpg
grasshopper,https://bugwoodcloud.org/images/384x256/5369858.jpg
grasshopper,https://bugwoodcloud.org/images/384x256/5369823.jpg
cricket,https://bugwoodcloud.org/images/384x256/5369804.jpg
katydid,https://bugwoodcloud.org/images/384x256/5369329.jpg
cricket,https://bugwoodcloud.org/images/384x256/5368140.jpg
grasshopper,https://bugwoodcloud.org/images/384x256/5367929.jpg
grasshopper,https://bugwoodcloud.org/images/384x256/5367928.jpg
grasshopper,https://bugwoodcloud.org/images/384x256/5367758.jpg
grasshopper,https://bugwoodcloud.org/images/384x256/5364327.jpg
grasshopper,https://bugwoodcloud.org/images/384x256/5364326.jpg
grasshopper,https://bugwoodcloud.org/images/384x256/5364325.jpg
grasshopper,https://bugwoodcloud.org/images/384x256/5364324.jpg
grasshopper,https://bugwoodcloud.org/images/384x256/5364147.jpg
grasshopper,https://bugwoodcloud.org/images/384x256/5360752.jpg
cricket,https://bugwoodcloud.org/images/384x256/5360736.jpg
cricket,https://bugwoodcloud.org/images/384x256/5360735.jpg
grasshopper,https://bugwoodcloud.org/images/384x256/5360607.jpg
katydid,https://bugwoodcloud.org/images/384x256/5351007.jpg
grasshopper,https://bugwoodcloud.org/images/384x256/5347063.jpg
cricket,https://bugwoodcloud.org/images/384x256/5343081.jpg
cricket,https://bugwoodcloud.org/images/384x256/5343080.jpg
cricket,https://bugwoodcloud.org/images/384x256/5305046.jpg
cricket,https://bugwoodcloud.org/images/384x256/5305045.jpg
cricket,https://bugwoodcloud.org/images/384x256/5305033.jpg
grasshopper,https://bugwoodcloud.org/images/384x256/5304070.jpg
grasshopper,https://bugwoodcloud.org/images/384x256/5304069.jpg
grasshopper,https://bugwoodcloud.org/images/384x256/5304068.jpg
katydid,https://bugwoodcloud.org/images/384x256/5304067.jpg
grasshopper,https://bugwoodcloud.org/images/384x256/5304040.jpg
grasshopper,https://bugwoodcloud.org/images/384x256/5304027.jpg
grasshopper,https://bugwoodcloud.org/images/384x256/5304026.jpg
grasshopper,https://bugwoodcloud.org/images/384x256/5304025.jpg
grasshopper,https://bugwoodcloud.org/images/384x256/5303099.jpg
grasshopper,https://bugwoodcloud.org/images/384x256/5303091.jpg
grasshopper,https://bugwoodcloud.org/images/384x256/5303054.jpg
grasshopper,https://bugwoodcloud.org/images/384x256/5303043.jpg
grasshopper,https://bugwoodcloud.org/images/384x256/5303041.jpg
grasshopper,https://bugwoodcloud.org/images/384x256/5303040.jpg
grasshopper,https://bugwoodcloud.org/images/384x256/5303032.jpg
katydid,https://bugwoodcloud.org/images/384x256/5255057.jpg
katydid,https://bugwoodcloud.org/images/384x256/5255055.jpg
grasshopper,https://bugwoodcloud.org/images/384x256/5249098.jpg
grasshopper,https://bugwoodcloud.org/images/384x256/5210062.jpg
grasshopper,https://bugwoodcloud.org/images/384x256/5210061.jpg
grasshopper,https://bugwoodcloud.org/images/384x256/5210060.jpg
grasshopper,https://bugwoodcloud.org/images/384x256/5210059.jpg
grasshopper,https://bugwoodcloud.org/images/384x256/5210057.jpg
grasshopper,https://bugwoodcloud.org/images/384x256/5210056.jpg
grasshopper,https://bugwoodcloud.org/images/384x256/5210055.jpg
grasshopper,https://bugwoodcloud.org/images/384x256/5210047.jpg
grasshopper,https://bugwoodcloud.org/images/384x256/5210015.jpg
grasshopper,https://bugwoodcloud.org/images/384x256/5209087.jpg
grasshopper,https://bugwoodcloud.org/images/384x256/5209076.jpg
grasshopper,https://bugwoodcloud.org/images/384x256/5209065.jpg
grasshopper,https://bugwoodcloud.org/images/384x256/5209054.jpg
grasshopper,https://bugwoodcloud.org/images/384x256/5209047.jpg
grasshopper,https://bugwoodcloud.org/images/384x256/5209046.jpg
grasshopper,https://bugwoodcloud.org/images/384x256/5206047.jpg
grasshopper,https://bugwoodcloud.org/images/384x256/5192006.jpg
grasshopper,https://bugwoodcloud.org/images/384x256/5191008.jpg
cricket,https://bugwoodcloud.org/images/384x256/5190034.jpg
cricket,https://bugwoodcloud.org/images/384x256/5190033.jpg
cricket,https://bugwoodcloud.org/images/384x256/5190032.jpg
grasshopper,https://bugwoodcloud.org/images/384x256/5188088.jpg
grasshopper,https://bugwoodcloud.org/images/384x256/5188087.jpg
grasshopper,https://bugwoodcloud.org/images/384x256/5188086.jpg
grasshopper,https://bugwoodcloud.org/images/384x256/5188085.jpg
grasshopper,https://bugwoodcloud.org/images/384x256/5188084.jpg
grasshopper,https://bugwoodcloud.org/images/384x256/5188083.jpg
grasshopper,https://bugwoodcloud.org/images/384x256/5188082.jpg
grasshopper,https://bugwoodcloud.org/images/384x256/5188081.jpg
grasshopper,https://bugwoodcloud.org/images/384x256/5188059.jpg
grasshopper,https://bugwoodcloud.org/images/384x256/5188058.jpg
grasshopper,https://bugwoodcloud.org/images/384x256/5188057.jpg
grasshopper,https://bugwoodcloud.org/images/384x256/5188055.jpg
grasshopper,https://bugwoodcloud.org/images/384x256/5188054.jpg
grasshopper,https://bugwoodcloud.org/images/384x256/5188053.jpg
grasshopper,https://bugwoodcloud.org/images/384x256/5188051.jpg
grasshopper,https://bugwoodcloud.org/images/384x256/5188050.jpg
grasshopper,https://bugwoodcloud.org/images/384x256/5188049.jpg
grasshopper,https://bugwoodcloud.org/images/384x256/5188048.jpg
grasshopper,https://bugwoodcloud.org/images/384x256/5188047.jpg
grasshopper,https://bugwoodcloud.org/images/384x256/5188043.jpg
grasshopper,https://bugwoodcloud.org/images/384x256/5188042.jpg
grasshopper,https://bugwoodcloud.org/images/384x256/5188041.jpg
grasshopper,https://bugwoodcloud.org/images/384x256/5187091.jpg
grasshopper,https://bugwoodcloud.org/images/384x256/5187090.jpg
grasshopper,https://bugwoodcloud.org/images/384x256/5187089.jpg
katydid,https://bugwoodcloud.org/images/384x256/5178037.jpg
katydid,https://bugwoodcloud.org/images/384x256/5178032.jpg
grasshopper,https://bugwoodcloud.org/images/384x256/5174062.jpg
grasshopper,https://bugwoodcloud.org/images/384x256/5169010.jpg
grasshopper,https://bugwoodcloud.org/images/384x256/5169009.jpg
cricket,https://bugwoodcloud.org/images/384x256/5164068.jpg
cricket,https://bugwoodcloud.org/images/384x256/5164067.jpg
cricket,https://bugwoodcloud.org/images/384x256/5164062.jpg
cricket,https://bugwoodcloud.org/images/384x256/5164061.jpg
grasshopper,https://bugwoodcloud.org/images/384x256/5110050.jpg
cricket,https://bugwoodcloud.org/images/384x256/5110049.jpg
katydid,https://bugwoodcloud.org/images/384x256/5110048.jpg
grasshopper,https://bugwoodcloud.org/images/384x256/5110003.jpg
grasshopper,https://bugwoodcloud.org/images/384x256/5110002.jpg
grasshopper,https://bugwoodcloud.org/images/384x256/5110001.jpg
grasshopper,https://bugwoodcloud.org/images/384x256/5109100.jpg
grasshopper,https://bugwoodcloud.org/images/384x256/5109099.jpg
grasshopper,https://bugwoodcloud.org/images/384x256/5109098.jpg
grasshopper,https://bugwoodcloud.org/images/384x256/5109097.jpg
grasshopper,https://bugwoodcloud.org/images/384x256/5109096.jpg
grasshopper,https://bugwoodcloud.org/images/384x256/5109095.jpg
cricket,https://bugwoodcloud.org/images/384x256/5083038.jpg
katydid,https://bugwoodcloud.org/images/384x256/5024018.jpg
katydid,https://bugwoodcloud.org/images/384x256/5024017.jpg
cricket,https://bugwoodcloud.org/images/384x256/5007022.jpg
grasshopper,https://bugwoodcloud.org/images/384x256/5006072.jpg
grasshopper,https://bugwoodcloud.org/images/384x256/5006071.jpg
cricket,https://bugwoodcloud.org/images/384x256/5006068.jpg
cricket,https://bugwoodcloud.org/images/384x256/5005090.jpg
cricket,https://bugwoodcloud.org/images/384x256/5005089.jpg
katydid,https://bugwoodcloud.org/images/384x256/5005088.jpg
cricket,https://bugwoodcloud.org/images/384x256/5005087.jpg
grasshopper,https://bugwoodcloud.org/images/384x256/4709020.jpg
grasshopper,https://bugwoodcloud.org/images/384x256/3225070.jpg
grasshopper,https://bugwoodcloud.org/images/384x256/3225063.jpg
cricket,https://bugwoodcloud.org/images/384x256/2722040.jpg
cricket,https://bugwoodcloud.org/images/384x256/2722039.jpg
grasshopper,https://bugwoodcloud.org/images/384x256/2722018.jpg
cricket,https://bugwoodcloud.org/images/384x256/2722002.jpg
cricket,https://bugwoodcloud.org/images/384x256/2722001.jpg
cricket,https://bugwoodcloud.org/images/384x256/2721094.jpg
grasshopper,https://bugwoodcloud.org/images/384x256/2512033.jpg
grasshopper,https://bugwoodcloud.org/images/384x256/2511007.jpg
grasshopper,https://bugwoodcloud.org/images/384x256/2511002.jpg
grasshopper,https://bugwoodcloud.org/images/384x256/2252056.jpg
katydid,https://bugwoodcloud.org/images/384x256/2187008.jpg
grasshopper,https://bugwoodcloud.org/images/384x256/2184009.jpg
cricket,https://bugwoodcloud.org/images/384x256/2184008.jpg
cricket,https://bugwoodcloud.org/images/384x256/2183039.jpg
cricket,https://bugwoodcloud.org/images/384x256/2183038.jpg
cricket,https://bugwoodcloud.org/images/384x256/2183017.jpg
grasshopper,https://bugwoodcloud.org/images/384x256/2183013.jpg
grasshopper,https://bugwoodcloud.org/images/384x256/2183012.jpg
grasshopper,https://bugwoodcloud.org/images/384x256/2183011.jpg
grasshopper,https://bugwoodcloud.org/images/384x256/2167029.jpg
katydid,https://bugwoodcloud.org/images/384x256/2158016.jpg
katydid,https://bugwoodcloud.org/images/384x256/2158015.jpg
katydid,https://bugwoodcloud.org/images/384x256/2158014.jpg
cricket,https://bugwoodcloud.org/images/384x256/2154098.jpg
katydid,https://bugwoodcloud.org/images/384x256/2154087.jpg
katydid,https://bugwoodcloud.org/images/384x256/2154086.jpg
katydid,https://bugwoodcloud.org/images/384x256/2154085.jpg
grasshopper,https://bugwoodcloud.org/images/384x256/2146022.jpg
grasshopper,https://bugwoodcloud.org/images/384x256/2146021.jpg
katydid,https://bugwoodcloud.org/images/384x256/2134037.jpg
cricket,https://bugwoodcloud.org/images/384x256/2133056.jpg
cricket,https://bugwoodcloud.org/images/384x256/2110014.jpg
cricket,https://bugwoodcloud.org/images/384x256/2110013.jpg
grasshopper,https://bugwoodcloud.org/images/384x256/2107011.jpg
katydid,https://bugwoodcloud.org/images/384x256/2107010.jpg
grasshopper,https://bugwoodcloud.org/images/384x256/2107009.jpg
grasshopper,https://bugwoodcloud.org/images/384x256/2107008.jpg
grasshopper,https://bugwoodcloud.org/images/384x256/2107007.jpg
grasshopper,https://bugwoodcloud.org/images/384x256/2107005.jpg
grasshopper,https://bugwoodcloud.org/images/384x256/2107004.jpg
grasshopper,https://bugwoodcloud.org/images/384x256/2107003.jpg
katydid,https://bugwoodcloud.org/images/384x256/2107001.jpg
grasshopper,https://bugwoodcloud.org/images/384x256/2106100.jpg
katydid,https://bugwoodcloud.org/images/384x256/2106093.jpg
grasshopper,https://bugwoodcloud.org/images/384x256/2106089.jpg
grasshopper,https://bugwoodcloud.org/images/384x256/2106084.jpg
grasshopper,https://bugwoodcloud.org/images/384x256/1929047.jpg
cricket,https://bugwoodcloud.org/images/384x256/1643266.jpg
cricket,https://bugwoodcloud.org/images/384x256/1643265.jpg
grasshopper,https://bugwoodcloud.org/images/384x256/1643237.jpg
grasshopper,https://bugwoodcloud.org/images/384x256/1643236.jpg
grasshopper,https://bugwoodcloud.org/images/384x256/1643235.jpg
grasshopper,https://bugwoodcloud.org/images/384x256/1643234.jpg
cricket,https://bugwoodcloud.org/images/384x256/1600603.jpg
cricket,https://bugwoodcloud.org/images/384x256/1599633.jpg
cricket,https://bugwoodcloud.org/images/384x256/1599606.jpg
grasshopper,https://bugwoodcloud.org/images/384x256/1599604.jpg
grasshopper,https://bugwoodcloud.org/images/384x256/1599094.jpg
grasshopper,https://bugwoodcloud.org/images/384x256/1593082.jpg
grasshopper,https://bugwoodcloud.org/images/384x256/1578029.jpg
grasshopper,https://bugwoodcloud.org/images/384x256/1577069.jpg
grasshopper,https://bugwoodcloud.org/images/384x256/1577068.jpg
grasshopper,https://bugwoodcloud.org/images/384x256/1574041.jpg
katydid,https://bugwoodcloud.org/images/384x256/1561096.jpg
cricket,https://bugwoodcloud.org/images/384x256/1491041.jpg
cricket,https://bugwoodcloud.org/images/384x256/1491040.jpg
cricket,https://bugwoodcloud.org/images/384x256/1482002.jpg
katydid,https://bugwoodcloud.org/images/384x256/1482001.jpg
grasshopper,https://bugwoodcloud.org/images/384x256/1481089.jpg
katydid,https://bugwoodcloud.org/images/384x256/1481064.jpg
cricket,https://bugwoodcloud.org/images/384x256/1476039.jpg
cricket,https://bugwoodcloud.org/images/384x256/1476038.jpg
cricket,https://bugwoodcloud.org/images/384x256/1476037.jpg
cricket,https://bugwoodcloud.org/images/384x256/1476036.jpg
cricket,https://bugwoodcloud.org/images/384x256/1476035.jpg
grasshopper,https://bugwoodcloud.org/images/384x256/1476033.jpg
cricket,https://bugwoodcloud.org/images/384x256/1476030.jpg
cricket,https://bugwoodcloud.org/images/384x256/1476029.jpg
cricket,https://bugwoodcloud.org/images/384x256/1476028.jpg
katydid,https://bugwoodcloud.org/images/384x256/1475053.jpg
katydid,https://bugwoodcloud.org/images/384x256/1475052.jpg
cricket,https://bugwoodcloud.org/images/384x256/1475051.jpg
cricket,https://bugwoodcloud.org/images/384x256/1475050.jpg
grasshopper,https://bugwoodcloud.org/images/384x256/1470139.jpg
katydid,https://bugwoodcloud.org/images/384x256/1455096.jpg
katydid,https://bugwoodcloud.org/images/384x256/1455095.jpg
katydid,https://bugwoodcloud.org/images/384x256/1455092.jpg
grasshopper,https://bugwoodcloud.org/images/384x256/1455091.jpg
grasshopper,https://bugwoodcloud.org/images/384x256/1455090.jpg
grasshopper,https://bugwoodcloud.org/images/384x256/1455089.jpg
katydid,https://bugwoodcloud.org/images/384x256/1455088.jpg
katydid,https://bugwoodcloud.org/images/384x256/1455087.jpg
grasshopper,https://bugwoodcloud.org/images/384x256/1455086.jpg
grasshopper,https://bugwoodcloud.org/images/384x256/1455085.jpg
grasshopper,https://bugwoodcloud.org/images/384x256/1455084.jpg
grasshopper,https://bugwoodcloud.org/images/384x256/1455083.jpg
katydid,https://bugwoodcloud.org/images/384x256/1455082.jpg
katydid,https://bugwoodcloud.org/images/384x256/1455081.jpg
katydid,https://bugwoodcloud.org/images/384x256/1454036.jpg
grasshopper,https://bugwoodcloud.org/images/384x256/1454024.jpg
grasshopper,https://bugwoodcloud.org/images/384x256/1454023.jpg
grasshopper,https://bugwoodcloud.org/images/384x256/1454022.jpg
grasshopper,https://bugwoodcloud.org/images/384x256/1454021.jpg
katydid,https://bugwoodcloud.org/images/384x256/1453871.jpg
katydid,https://bugwoodcloud.org/images/384x256/1453870.jpg
grasshopper,https://bugwoodcloud.org/images/384x256/1440126.jpg
grasshopper,https://bugwoodcloud.org/images/384x256/1440125.jpg
grasshopper,https://bugwoodcloud.org/images/384x256/1435159.jpg
cricket,https://bugwoodcloud.org/images/384x256/1435123.jpg
grasshopper,https://bugwoodcloud.org/images/384x256/1435069.jpg
grasshopper,https://bugwoodcloud.org/images/384x256/1410009.jpg
grasshopper,https://bugwoodcloud.org/images/384x256/1410008.jpg
grasshopper,https://bugwoodcloud.org/images/384x256/1410007.jpg
grasshopper,https://bugwoodcloud.org/images/384x256/1410006.jpg
grasshopper,https://bugwoodcloud.org/images/384x256/1410005.jpg
grasshopper,https://bugwoodcloud.org/images/384x256/1410004.jpg
grasshopper,https://bugwoodcloud.org/images/384x256/1410003.jpg
grasshopper,https://bugwoodcloud.org/images/384x256/1410002.jpg
grasshopper,https://bugwoodcloud.org/images/384x256/1410001.jpg
grasshopper,https://bugwoodcloud.org/images/384x256/1402130.jpg
grasshopper,https://bugwoodcloud.org/images/384x256/1402129.jpg
grasshopper,https://bugwoodcloud.org/images/384x256/1398060.jpg
grasshopper,https://bugwoodcloud.org/images/384x256/1398059.jpg
grasshopper,https://bugwoodcloud.org/images/384x256/1396088.jpg
grasshopper,https://bugwoodcloud.org/images/384x256/1396087.jpg
cricket,https://bugwoodcloud.org/images/384x256/1389024.jpg
cricket,https://bugwoodcloud.org/images/384x256/1389023.jpg
cricket,https://bugwoodcloud.org/images/384x256/1389022.jpg
grasshopper,https://bugwoodcloud.org/images/384x256/1389008.jpg
cricket,https://bugwoodcloud.org/images/384x256/1386022.jpg
grasshopper,https://bugwoodcloud.org/images/384x256/1368052.jpg
grasshopper,https://bugwoodcloud.org/images/384x256/1368051.jpg
grasshopper,https://bugwoodcloud.org/images/384x256/1368050.jpg
katydid,https://bugwoodcloud.org/images/384x256/1366092.jpg
grasshopper,https://bugwoodcloud.org/images/384x256/1366091.jpg
grasshopper,https://bugwoodcloud.org/images/384x256/1326192.jpg
grasshopper,https://bugwoodcloud.org/images/384x256/1326163.jpg
grasshopper,https://bugwoodcloud.org/images/384x256/1326162.jpg
grasshopper,https://bugwoodcloud.org/images/384x256/1326161.jpg
grasshopper,https://bugwoodcloud.org/images/384x256/1326160.jpg
grasshopper,https://bugwoodcloud.org/images/384x256/1326159.jpg
grasshopper,https://bugwoodcloud.org/images/384x256/1326094.jpg
grasshopper,https://bugwoodcloud.org/images/384x256/1326015.jpg
grasshopper,https://bugwoodcloud.org/images/384x256/1326014.jpg
grasshopper,https://bugwoodcloud.org/images/384x256/1326013.jpg
katydid,https://bugwoodcloud.org/images/384x256/1316033.jpg
katydid,https://bugwoodcloud.org/images/384x256/1310031.jpg
katydid,https://bugwoodcloud.org/images/384x256/1274058.jpg
cricket,https://bugwoodcloud.org/images/384x256/1252047.jpg
cricket,https://bugwoodcloud.org/images/384x256/1252046.jpg
cricket,https://bugwoodcloud.org/images/384x256/1252034.jpg
cricket,https://bugwoodcloud.org/images/384x256/1242100.jpg
grasshopper,https://bugwoodcloud.org/images/384x256/1242046.jpg
grasshopper,https://bugwoodcloud.org/images/384x256/1242045.jpg
cricket,https://bugwoodcloud.org/images/384x256/1236173.jpg
cricket,https://bugwoodcloud.org/images/384x256/1236169.jpg
cricket,https://bugwoodcloud.org/images/384x256/1236128.jpg
cricket,https://bugwoodcloud.org/images/384x256/1236127.jpg
grasshopper,https://bugwoodcloud.org/images/384x256/1235032.jpg
grasshopper,https://bugwoodcloud.org/images/384x256/1235031.jpg
cricket,https://bugwoodcloud.org/images/384x256/1234075.jpg
grasshopper,https://bugwoodcloud.org/images/384x256/1233020.jpg
grasshopper,https://bugwoodcloud.org/images/384x256/1233019.jpg
grasshopper,https://bugwoodcloud.org/images/384x256/1228067.jpg
grasshopper,https://bugwoodcloud.org/images/384x256/1227104.jpg
grasshopper,https://bugwoodcloud.org/images/384x256/1227103.jpg
cricket,https://bugwoodcloud.org/images/384x256/1225099.jpg
grasshopper,https://bugwoodcloud.org/images/384x256/1225097.jpg
katydid,https://bugwoodcloud.org/images/384x256/1225096.jpg
cricket,https://bugwoodcloud.org/images/384x256/1225095.jpg
katydid,https://bugwoodcloud.org/images/384x256/1225094.jpg
cricket,https://bugwoodcloud.org/images/384x256/1225093.jpg
cricket,https://bugwoodcloud.org/images/384x256/1225090.jpg
grasshopper,https://bugwoodcloud.org/images/384x256/1225089.jpg
grasshopper,https://bugwoodcloud.org/images/384x256/1225088.jpg
grasshopper,https://bugwoodcloud.org/images/384x256/1225087.jpg
grasshopper,https://bugwoodcloud.org/images/384x256/1225086.jpg
grasshopper,https://bugwoodcloud.org/images/384x256/1225085.jpg
grasshopper,https://bugwoodcloud.org/images/384x256/1225084.jpg
grasshopper,https://bugwoodcloud.org/images/384x256/1225082.jpg
grasshopper,https://bugwoodcloud.org/images/384x256/1225081.jpg
grasshopper,https://bugwoodcloud.org/images/384x256/1225080.jpg
grasshopper,https://bugwoodcloud.org/images/384x256/1225079.jpg
grasshopper,https://bugwoodcloud.org/images/384x256/1225078.jpg
cricket,https://bugwoodcloud.org/images/384x256/1225077.jpg
cricket,https://bugwoodcloud.org/images/384x256/1225076.jpg
cricket,https://bugwoodcloud.org/images/384x256/1225075.jpg
cricket,https://bugwoodcloud.org/images/384x256/1225074.jpg
cricket,https://bugwoodcloud.org/images/384x256/1225073.jpg
cricket,https://bugwoodcloud.org/images/384x256/1225072.jpg
grasshopper,https://bugwoodcloud.org/images/384x256/1224221.jpg
grasshopper,https://bugwoodcloud.org/images/384x256/1224208.jpg
grasshopper,https://bugwoodcloud.org/images/384x256/1127007.jpg
grasshopper,https://bugwoodcloud.org/images/384x256/0027086.jpg
grasshopper,https://bugwoodcloud.org/images/384x256/0027085.jpg
cricket,https://bugwoodcloud.org/images/384x256/0027027.jpg
cricket,https://bugwoodcloud.org/images/384x256/0027026.jpg
cricket,https://bugwoodcloud.org/images/384x256/0027025.jpg
cricket,https://bugwoodcloud.org/images/384x256/0027024.jpg
katydid,https://bugwoodcloud.org/images/384x256/0014154.jpg
grasshopper,https://bugwoodcloud.org/images/384x256/0010103.jpg
grasshopper,https://bugwoodcloud.org/images/384x256/0010102.jpg
grasshopper,https://bugwoodcloud.org/images/384x256/0010101.jpg
grasshopper,https://bugwoodcloud.org/images/384x256/0010100.jpg
grasshopper,https://bugwoodcloud.org/images/384x256/0010099.jpg
katydid,https://bugwoodcloud.org/images/384x256/0007059.jpg
katydid,https://bugwoodcloud.org/images/384x256/0007058.jpg
katydid,https://bugwoodcloud.org/images/384x256/0007057.jpg
katydid,https://bugwoodcloud.org/images/384x256/0007056.jpg
grasshopper,https://bugwoodcloud.org/images/384x256/0002089.jpg
grasshopper,https://bugwoodcloud.org/images/384x256/0002088.jpg
grasshopper,https://bugwoodcloud.org/images/384x256/0002087.jpg
